"학교종류명","설립구분","표준학교코드","학교명","영문학교명","관할조직명","도로명우편번호","도로명주소","도로명상세주소","전화번호","홈페이지주소","팩스번호","남녀공학구분명","고등학교구분명","산업체특별학급존재여부","고등학교일반실업구분명","특수목적고등학교계열명","입시전후기구분명","주야구분명","설립일자","개교기념일","시도교육청코드","시도교육청명","소재지명","주야과정","계열명","학과명","적재일시"
"초등학교","공립","7041260","서울금나래초등학교","seoulgeumnaraeelementaryschool","서울특별시남부교육지원청","08611","서울특별시 금천구 시흥대로79길 37","(시흥동)","02-807-9821","http://geumnarae.es.kr","02-807-9823","남여공학","","N","","","전기","주간","20170301","20170410","B10","서울특별시교육청","서울특별시","","","","20210602"
"중학교","공립","7041195","한울중학교","Hanwool Middle School","서울특별시남부교육지원청","08566","서울특별시 금천구 독산로50길 60","한울중학교","02-856-4941","http://www.hanwool.ms.kr","02-858-5382","남여공학","","N","일반계","","전기","주간","19711229","19711229","B10","서울특별시교육청","서울특별시","","","","20210602"
"중학교","공립","7041184","안천중학교","Ancheon Middle School","서울특별시남부교육지원청","08597","서울특별시 금천구 한내로 69-44","(독산동/안천중학교)","02-894-1204","http://www.ancheon.ms.kr","02-894-5220","남여공학","","N","일반계","","전기","주간","19910121","19910605","B10","서울특별시교육청","서울특별시","","","","20210602"
"중학교","공립","7041182","시흥중학교","Siheung Middle School","서울특별시남부교육지원청","08650","서울특별시 금천구 시흥대로38길 60","/ 시흥중학교 (시흥동)","02-895-2302","http://shiheung.sen.ms.kr","02-894-6586","남여공학","","N","일반계","","전기","주간","19911030","19930504","B10","서울특별시교육청","서울특별시","","","","20210602"
"중학교","공립","7041181","세일중학교","Seil Middle School","서울특별시남부교육지원청","08533","서울특별시 금천구 시흥대로147길 34","(독산동)","02-856-0868","http://www.seil.ms.kr","02-839-3665","남여공학","","N","일반계","","전기","주간","19680806","19681020","B10","서울특별시교육청","서울특별시","","","","20210602"
"중학교","사립","7041179","문일중학교","Moonil Middle School","서울특별시남부교육지원청","08634","서울특별시 금천구 시흥대로47길 45","/ 문일중학교 (시흥동)","02-808-0297","http://www.moonil.ms.kr","02-805-3231","남","","N","일반계","","전기","주간","19671214","19671214","B10","서울특별시교육청","서울특별시","","","","20210602"
"중학교","공립","7041178","문성중학교","Munseong Middle School","서울특별시남부교육지원청","08551","서울특별시 금천구 독산로102길 78","/ 문성중학교 (독산동)","02-858-8446","http://www.munseong.ms.kr","02-838-8010","남여공학","","N","일반계","","전기","주간","19900120","19900504","B10","서울특별시교육청","서울특별시","","","","20210602"
"중학교","사립","7041176","동일중학교","Dongil Middle School　","서울특별시남부교육지원청","08656","서울특별시 금천구 탑골로10길 45","(시흥동)","02-802-0991","http://www.dongil.ms.kr","02-892-7261","남여공학","","N","일반계","","전기","주간","19681216","19690306","B10","서울특별시교육청","서울특별시","","","","20210602"
"중학교","공립","7041171","난곡중학교","Nangok Middle School","서울특별시남부교육지원청","08549","서울특별시 금천구 문성로 67","(독산동)","070-5080-0700","http://nangok.ms.kr","02-859-2141","남여공학","","N","일반계","","전기","주간","19800124","19800506","B10","서울특별시교육청","서울특별시","","","","20210602"
"중학교","공립","7041164","가산중학교","Gasan Middle School","서울특별시남부교육지원청","08584","서울특별시 금천구 시흥대로115길 48","(독산동)","02-804-1777","http://www.gasan.ms.kr","02-892-8477","남여공학","","N","일반계","","전기","주간","19700810","19710303","B10","서울특별시교육청","서울특별시","","","","20210602"
"초등학교","공립","7041161","서울탑동초등학교","Seoul Tapdong Elementary School","서울특별시남부교육지원청","08575","서울특별시 금천구 탑골로 47-3","(시흥동/ 탑동초등학교)","02-894-6050","http://www.topdong.es.kr","02-892-4348","남여공학","","N","일반계","","전기","주간","19670915","19671204","B10","서울특별시교육청","서울특별시","","","","20210602"
"초등학교","공립","7041160","서울정심초등학교","Seoul Jungshim Elementary School","서울특별시남부교육지원청","08556","서울특별시 금천구 독산로78다길 89","/ 정심초등학교 (독산동)","02-856-5188","http://www.jungshim.es.kr","02-853-9272","남여공학","","N","일반계","","전기","주간","19821110","19830502","B10","서울특별시교육청","서울특별시","","","","20210602"
"초등학교","공립","7041144","서울영남초등학교","Seoul Yeongnam Elementary School","서울특별시남부교육지원청","08551","서울특별시 금천구 문성로 62-15","(독산동)","02-861-7147","http://www.seoulyeongnam.es.kr","02-861-7010","남여공학","","N","일반계","","전기","주간","19560326","19560517","B10","서울특별시교육청","서울특별시","","","","20210602"
"초등학교","공립","7041142","서울안천초등학교","Seoul Ancheon Elementary School","서울특별시남부교육지원청","08597","서울특별시 금천구 한내로 69-16","/ 서울안천초등학교 (독산동)","02-894-0858","http://www.ancheon.es.kr","02-809-8156","남여공학","","N","일반계","","전기","주간","19910121","19911004","B10","서울특별시교육청","서울특별시","","","","20210602"
"초등학교","공립","7041141","서울신흥초등학교","Seoul Sinheung Elementary School","서울특별시남부교육지원청","08569","서울특별시 금천구 독산로36나길 21","(시흥동/ 신흥초등학교)","02-894-5148","http://sinheung.sen.es.kr","02-896-6357","남여공학","","N","일반계","","전기","주간","19911030","19911030","B10","서울특별시교육청","서울특별시","","","","20210602"
"초등학교","공립","7041135","서울시흥초등학교","Seoul Siheung Elementary School","서울특별시남부교육지원청","08627","서울특별시 금천구 독산로23길 26","/ 서울시흥초등학교 (시흥동)","02-892-4127","http://www.seoulsiheung.es.kr/","02-892-4128","남여공학","","N","일반계","","전기","주간","19110701","19110701","B10","서울특별시교육청","서울특별시","","","","20210602"
"초등학교","공립","7041132","서울백산초등학교","Seoul Backsan Elementary School","서울특별시남부교육지원청","08650","서울특별시 금천구 시흥대로38길 78","(시흥동/ 백산초등학교)","02-802-6475","http://backsan.sen.es.kr","02-803-8820","남여공학","","N","일반계","","전기","주간","19730810","19740326","B10","서울특별시교육청","서울특별시","","","","20210602"
"초등학교","공립","7041130","서울문성초등학교","Seoul Munseong Elementary School","서울특별시남부교육지원청","08540","서울특별시 금천구 시흥대로 460","/ 서울문성초등학교  (독산동)","02-867-1669","http://www.munsung.es.kr","02-859-7026","남여공학","","N","일반계","","전기","주간","19551207","19560406","B10","서울특별시교육청","서울특별시","","","","20210602"
"초등학교","공립","7041129","서울문백초등학교","Seoul Munbaek Elementary School","서울특별시남부교육지원청","08634","서울특별시 금천구 시흥대로47길 43-1","(시흥동/ 문백초등학교)","02-803-4155","http://www.munbaek.es.kr","02-892-2269","남여공학","","N","일반계","","전기","주간","19810713","19810918","B10","서울특별시교육청","서울특별시","","","","20210602"
"초등학교","공립","7041127","서울문교초등학교","Seoul Mungyo Elementary School","서울특별시남부교육지원청","08561","서울특별시 금천구 독산로54길 102","/ 문교초등학교 (독산동)","02-896-0144","http://www.mungyo.es.kr","02-895-3278","남여공학","","N","일반계","","전기","주간","19930227","19930506","B10","서울특별시교육청","서울특별시","","","","20210602"
"초등학교","공립","7041125","서울두산초등학교","Seoul Doosan Elementary School","서울특별시남부교육지원청","08587","서울특별시 금천구 범안로11길 3","/ 서울두산초등학교 (독산동)","02-804-1112","http://www.doosan.es.kr","02-892-5957","남여공학","","N","일반계","","전기","주간","19850701","19851030","B10","서울특별시교육청","서울특별시","","","","20210602"
"초등학교","공립","7041123","서울독산초등학교","Seoul Doksan Elementary School","서울특별시남부교육지원청","08617","서울특별시 금천구 시흥대로104길 31","(독산동/독산초등학교)","02-895-0535","http://www.doksan.es.kr","02-895-0646","남여공학","","N","일반계","","전기","주간","19770901","19780411","B10","서울특별시교육청","서울특별시","","","","20210602"
"초등학교","공립","7041112","서울금천초등학교","Seoul Geumcheon Elementary School","서울특별시남부교육지원청","08571","서울특별시 금천구 탑골로5길 60","(시흥동)","02-802-4970","http://www.kumcheon.es.kr","02-895-0469","남여공학","","N","일반계","","전기","주간","19831007","19840417","B10","서울특별시교육청","서울특별시","","","","20210602"
"초등학교","공립","7041111","서울금산초등학교","Seoul Geumsan Elementary School","서울특별시남부교육지원청","08651","서울특별시 금천구 시흥대로24길 57","(시흥동/ 서울금산초등학교)","02-806-0254","http://www.gumsan.es.kr","02-806-0253","남여공학","","N","일반계","","전기","주간","19980731","19981016","B10","서울특별시교육청","서울특별시","","","","20210602"
"초등학교","공립","7041110","서울금동초등학교","Seoul Geumdong Elementary School","서울특별시남부교육지원청","08645","서울특별시 금천구 금하로30길 53","/ 서울금동초등학교 (시흥동)","02-809-2125","http://geumdong.sen.es.kr/","02-809-2130","남여공학","","N","일반계","","전기","주간","20030301","20030528","B10","서울특별시교육청","서울특별시","","","","20210602"
"초등학교","공립","7041100","서울가산초등학교","Seoul Gasan Elementary School","서울특별시남부교육지원청","08530","서울특별시 금천구 남부순환로 1304-11","/ 서울가산초등학교 (독산동)","02-864-3206","www.gasan.es.kr","02-859-5556","남여공학","","N","일반계","","전기","주간","19830625","19840614","B10","서울특별시교육청","서울특별시","","","","20210602"
"초등학교","사립","7041099","동광초등학교","Dong Gwang Elementary School","서울특별시남부교육지원청","08656","서울특별시 금천구 탑골로10길 45","/ 동광초등학교 (시흥동)","02-891-0151","http://www.dongke.es.kr","02-891-0153","남여공학","","N","일반계","","전기","주간","20010301","20010305","B10","서울특별시교육청","서울특별시","","","","20210602"
"각종학교(고)","공립","7011317","금천문화예술정보학교","GEUMCHEON SCHOOL OF ARTS & INFORMATION","서울특별시교육청","08548","서울특별시 금천구 남부순환로126길 25","/ 금천문화예술정보학교 (독산동)","02-2039-9910","http://geumcheon.sc.kr/","02-2039-9872","남여공학","일반고","N","전문계","","전기","주간","20170301","20170504","B10","서울특별시교육청","서울특별시","주간","통합계","실용무용과","20210602"
"각종학교(고)","공립","7011317","금천문화예술정보학교","GEUMCHEON SCHOOL OF ARTS & INFORMATION","서울특별시교육청","08548","서울특별시 금천구 남부순환로126길 25","/ 금천문화예술정보학교 (독산동)","02-2039-9910","http://geumcheon.sc.kr/","02-2039-9872","남여공학","일반고","N","전문계","","전기","주간","20170301","20170504","B10","서울특별시교육청","서울특별시","주간","통합계","실용음악과","20210602"
"각종학교(고)","공립","7011317","금천문화예술정보학교","GEUMCHEON SCHOOL OF ARTS & INFORMATION","서울특별시교육청","08548","서울특별시 금천구 남부순환로126길 25","/ 금천문화예술정보학교 (독산동)","02-2039-9910","http://geumcheon.sc.kr/","02-2039-9872","남여공학","일반고","N","전문계","","전기","주간","20170301","20170504","B10","서울특별시교육청","서울특별시","주간","통합계","연기예술과","20210602"
"각종학교(고)","공립","7011317","금천문화예술정보학교","GEUMCHEON SCHOOL OF ARTS & INFORMATION","서울특별시교육청","08548","서울특별시 금천구 남부순환로126길 25","/ 금천문화예술정보학교 (독산동)","02-2039-9910","http://geumcheon.sc.kr/","02-2039-9872","남여공학","일반고","N","전문계","","전기","주간","20170301","20170504","B10","서울특별시교육청","서울특별시","주간","통합계","제과제빵과","20210602"
"각종학교(고)","공립","7011317","금천문화예술정보학교","GEUMCHEON SCHOOL OF ARTS & INFORMATION","서울특별시교육청","08548","서울특별시 금천구 남부순환로126길 25","/ 금천문화예술정보학교 (독산동)","02-2039-9910","http://geumcheon.sc.kr/","02-2039-9872","남여공학","일반고","N","전문계","","전기","주간","20170301","20170504","B10","서울특별시교육청","서울특별시","주간","통합계","조리아트과","20210602"
"각종학교(고)","공립","7011317","금천문화예술정보학교","GEUMCHEON SCHOOL OF ARTS & INFORMATION","서울특별시교육청","08548","서울특별시 금천구 남부순환로126길 25","/ 금천문화예술정보학교 (독산동)","02-2039-9910","http://geumcheon.sc.kr/","02-2039-9872","남여공학","일반고","N","전문계","","전기","주간","20170301","20170504","B10","서울특별시교육청","서울특별시","주간","통합계","쿠킹아트과","20210602"
"각종학교(고)","공립","7011317","금천문화예술정보학교","GEUMCHEON SCHOOL OF ARTS & INFORMATION","서울특별시교육청","08548","서울특별시 금천구 남부순환로126길 25","/ 금천문화예술정보학교 (독산동)","02-2039-9910","http://geumcheon.sc.kr/","02-2039-9872","남여공학","일반고","N","전문계","","전기","주간","20170301","20170504","B10","서울특별시교육청","서울특별시","주간","통합계","뮤지컬연기과","20210602"
"각종학교(고)","공립","7011317","금천문화예술정보학교","GEUMCHEON SCHOOL OF ARTS & INFORMATION","서울특별시교육청","08548","서울특별시 금천구 남부순환로126길 25","/ 금천문화예술정보학교 (독산동)","02-2039-9910","http://geumcheon.sc.kr/","02-2039-9872","남여공학","일반고","N","전문계","","전기","주간","20170301","20170504","B10","서울특별시교육청","서울특별시","주간","통합계","뮤지컬과","20210602"
"각종학교(고)","공립","7011317","금천문화예술정보학교","GEUMCHEON SCHOOL OF ARTS & INFORMATION","서울특별시교육청","08548","서울특별시 금천구 남부순환로126길 25","/ 금천문화예술정보학교 (독산동)","02-2039-9910","http://geumcheon.sc.kr/","02-2039-9872","남여공학","일반고","N","전문계","","전기","주간","20170301","20170504","B10","서울특별시교육청","서울특별시","주간","통합계","방송댄스과","20210602"
"각종학교(고)","공립","7011317","금천문화예술정보학교","GEUMCHEON SCHOOL OF ARTS & INFORMATION","서울특별시교육청","08548","서울특별시 금천구 남부순환로126길 25","/ 금천문화예술정보학교 (독산동)","02-2039-9910","http://geumcheon.sc.kr/","02-2039-9872","남여공학","일반고","N","전문계","","전기","주간","20170301","20170504","B10","서울특별시교육청","서울특별시","주간","통합계","드론운영과","20210602"
"각종학교(고)","공립","7011317","금천문화예술정보학교","GEUMCHEON SCHOOL OF ARTS & INFORMATION","서울특별시교육청","08548","서울특별시 금천구 남부순환로126길 25","/ 금천문화예술정보학교 (독산동)","02-2039-9910","http://geumcheon.sc.kr/","02-2039-9872","남여공학","일반고","N","전문계","","전기","주간","20170301","20170504","B10","서울특별시교육청","서울특별시","주간","통합계","관광파티쉐과","20210602"
"각종학교(고)","공립","7011317","금천문화예술정보학교","GEUMCHEON SCHOOL OF ARTS & INFORMATION","서울특별시교육청","08548","서울특별시 금천구 남부순환로126길 25","/ 금천문화예술정보학교 (독산동)","02-2039-9910","http://geumcheon.sc.kr/","02-2039-9872","남여공학","일반고","N","전문계","","전기","주간","20170301","20170504","B10","서울특별시교육청","서울특별시","주간","통합계","공통과정","20210602"
"각종학교(고)","공립","7011317","금천문화예술정보학교","GEUMCHEON SCHOOL OF ARTS & INFORMATION","서울특별시교육청","08548","서울특별시 금천구 남부순환로126길 25","/ 금천문화예술정보학교 (독산동)","02-2039-9910","http://geumcheon.sc.kr/","02-2039-9872","남여공학","일반고","N","전문계","","전기","주간","20170301","20170504","B10","서울특별시교육청","서울특별시","주간","통합계","7차일반","20210602"
"각종학교(고)","공립","7011317","금천문화예술정보학교","GEUMCHEON SCHOOL OF ARTS & INFORMATION","서울특별시교육청","08548","서울특별시 금천구 남부순환로126길 25","/ 금천문화예술정보학교 (독산동)","02-2039-9910","http://geumcheon.sc.kr/","02-2039-9872","남여공학","일반고","N","전문계","","전기","주간","20170301","20170504","B10","서울특별시교육청","서울특별시","주간","전문계","공통과정","20210602"
"각종학교(고)","공립","7011317","금천문화예술정보학교","GEUMCHEON SCHOOL OF ARTS & INFORMATION","서울특별시교육청","08548","서울특별시 금천구 남부순환로126길 25","/ 금천문화예술정보학교 (독산동)","02-2039-9910","http://geumcheon.sc.kr/","02-2039-9872","남여공학","일반고","N","전문계","","전기","주간","20170301","20170504","B10","서울특별시교육청","서울특별시","주간","전문계","7차일반","20210602"
"각종학교(고)","공립","7011317","금천문화예술정보학교","GEUMCHEON SCHOOL OF ARTS & INFORMATION","서울특별시교육청","08548","서울특별시 금천구 남부순환로126길 25","/ 금천문화예술정보학교 (독산동)","02-2039-9910","http://geumcheon.sc.kr/","02-2039-9872","남여공학","일반고","N","전문계","","전기","주간","20170301","20170504","B10","서울특별시교육청","서울특별시","주간","일반계","공통과정","20210602"
"각종학교(고)","공립","7011317","금천문화예술정보학교","GEUMCHEON SCHOOL OF ARTS & INFORMATION","서울특별시교육청","08548","서울특별시 금천구 남부순환로126길 25","/ 금천문화예술정보학교 (독산동)","02-2039-9910","http://geumcheon.sc.kr/","02-2039-9872","남여공학","일반고","N","전문계","","전기","주간","20170301","20170504","B10","서울특별시교육청","서울특별시","주간","일반계","7차일반","20210602"
"각종학교(고)","공립","7011317","금천문화예술정보학교","GEUMCHEON SCHOOL OF ARTS & INFORMATION","서울특별시교육청","08548","서울특별시 금천구 남부순환로126길 25","/ 금천문화예술정보학교 (독산동)","02-2039-9910","http://geumcheon.sc.kr/","02-2039-9872","남여공학","일반고","N","전문계","","전기","주간","20170301","20170504","B10","서울특별시교육청","서울특별시","주간","통합계","디저트아트과","20210602"
"각종학교(고)","공립","7011317","금천문화예술정보학교","GEUMCHEON SCHOOL OF ARTS & INFORMATION","서울특별시교육청","08548","서울특별시 금천구 남부순환로126길 25","/ 금천문화예술정보학교 (독산동)","02-2039-9910","http://geumcheon.sc.kr/","02-2039-9872","남여공학","일반고","N","전문계","","전기","주간","20170301","20170504","B10","서울특별시교육청","서울특별시","주간","통합계","방송연예과","20210602"
"고등학교","사립","7011185","동일여자상업고등학교","Dong-il Girls’ Commercial High School","서울특별시교육청","08656","서울특별시 금천구 탑골로10길 45","(시흥동)","02-807-6333","http://www.dongil-cd.hs.kr","02-804-9040","여","특성화고","N","전문계","","전기","주간","19870112","19870303","B10","서울특별시교육청","서울특별시","주간","상업계","정보통신과","20210602"
"고등학교","사립","7011185","동일여자상업고등학교","Dong-il Girls’ Commercial High School","서울특별시교육청","08656","서울특별시 금천구 탑골로10길 45","(시흥동)","02-807-6333","http://www.dongil-cd.hs.kr","02-804-9040","여","특성화고","N","전문계","","전기","주간","19870112","19870303","B10","서울특별시교육청","서울특별시","주간","가사계","유아교육과","20210602"
"고등학교","사립","7011185","동일여자상업고등학교","Dong-il Girls’ Commercial High School","서울특별시교육청","08656","서울특별시 금천구 탑골로10길 45","(시흥동)","02-807-6333","http://www.dongil-cd.hs.kr","02-804-9040","여","특성화고","N","전문계","","전기","주간","19870112","19870303","B10","서울특별시교육청","서울특별시","주간","상업계","경영정보과","20210602"
"고등학교","사립","7011185","동일여자상업고등학교","Dong-il Girls’ Commercial High School","서울특별시교육청","08656","서울특별시 금천구 탑골로10길 45","(시흥동)","02-807-6333","http://www.dongil-cd.hs.kr","02-804-9040","여","특성화고","N","전문계","","전기","주간","19870112","19870303","B10","서울특별시교육청","서울특별시","주간","상업계","관광경영과","20210602"
"고등학교","사립","7011185","동일여자상업고등학교","Dong-il Girls’ Commercial High School","서울특별시교육청","08656","서울특별시 금천구 탑골로10길 45","(시흥동)","02-807-6333","http://www.dongil-cd.hs.kr","02-804-9040","여","특성화고","N","전문계","","전기","주간","19870112","19870303","B10","서울특별시교육청","서울특별시","주간","상업계","국제관광비즈니스과","20210602"
"고등학교","사립","7011185","동일여자상업고등학교","Dong-il Girls’ Commercial High School","서울특별시교육청","08656","서울특별시 금천구 탑골로10길 45","(시흥동)","02-807-6333","http://www.dongil-cd.hs.kr","02-804-9040","여","특성화고","N","전문계","","전기","주간","19870112","19870303","B10","서울특별시교육청","서울특별시","주간","상업계","국제항공서비스과","20210602"
"고등학교","사립","7011185","동일여자상업고등학교","Dong-il Girls’ Commercial High School","서울특별시교육청","08656","서울특별시 금천구 탑골로10길 45","(시흥동)","02-807-6333","http://www.dongil-cd.hs.kr","02-804-9040","여","특성화고","N","전문계","","전기","주간","19870112","19870303","B10","서울특별시교육청","서울특별시","주간","상업계","금융경영과","20210602"
"고등학교","사립","7011185","동일여자상업고등학교","Dong-il Girls’ Commercial High School","서울특별시교육청","08656","서울특별시 금천구 탑골로10길 45","(시흥동)","02-807-6333","http://www.dongil-cd.hs.kr","02-804-9040","여","특성화고","N","전문계","","전기","주간","19870112","19870303","B10","서울특별시교육청","서울특별시","주간","상업계","디자인경영과","20210602"
"고등학교","사립","7011185","동일여자상업고등학교","Dong-il Girls’ Commercial High School","서울특별시교육청","08656","서울특별시 금천구 탑골로10길 45","(시흥동)","02-807-6333","http://www.dongil-cd.hs.kr","02-804-9040","여","특성화고","N","전문계","","전기","주간","19870112","19870303","B10","서울특별시교육청","서울특별시","주간","상업계","디자인비즈니스과","20210602"
"고등학교","사립","7011185","동일여자상업고등학교","Dong-il Girls’ Commercial High School","서울특별시교육청","08656","서울특별시 금천구 탑골로10길 45","(시흥동)","02-807-6333","http://www.dongil-cd.hs.kr","02-804-9040","여","특성화고","N","전문계","","전기","주간","19870112","19870303","B10","서울특별시교육청","서울특별시","주간","상업계","무역금융과","20210602"
"고등학교","사립","7011185","동일여자상업고등학교","Dong-il Girls’ Commercial High School","서울특별시교육청","08656","서울특별시 금천구 탑골로10길 45","(시흥동)","02-807-6333","http://www.dongil-cd.hs.kr","02-804-9040","여","특성화고","N","전문계","","전기","주간","19870112","19870303","B10","서울특별시교육청","서울특별시","주간","상업계","미디어콘텐츠과","20210602"
"고등학교","사립","7011185","동일여자상업고등학교","Dong-il Girls’ Commercial High School","서울특별시교육청","08656","서울특별시 금천구 탑골로10길 45","(시흥동)","02-807-6333","http://www.dongil-cd.hs.kr","02-804-9040","여","특성화고","N","전문계","","전기","주간","19870112","19870303","B10","서울특별시교육청","서울특별시","주간","상업계","베이커리과","20210602"
"고등학교","사립","7011185","동일여자상업고등학교","Dong-il Girls’ Commercial High School","서울특별시교육청","08656","서울특별시 금천구 탑골로10길 45","(시흥동)","02-807-6333","http://www.dongil-cd.hs.kr","02-804-9040","여","특성화고","N","전문계","","전기","주간","19870112","19870303","B10","서울특별시교육청","서울특별시","주간","상업계","비쥬얼디자인과","20210602"
"고등학교","사립","7011185","동일여자상업고등학교","Dong-il Girls’ Commercial High School","서울특별시교육청","08656","서울특별시 금천구 탑골로10길 45","(시흥동)","02-807-6333","http://www.dongil-cd.hs.kr","02-804-9040","여","특성화고","N","전문계","","전기","주간","19870112","19870303","B10","서울특별시교육청","서울특별시","주간","상업계","사이버비즈니스과","20210602"
"고등학교","사립","7011185","동일여자상업고등학교","Dong-il Girls’ Commercial High School","서울특별시교육청","08656","서울특별시 금천구 탑골로10길 45","(시흥동)","02-807-6333","http://www.dongil-cd.hs.kr","02-804-9040","여","특성화고","N","전문계","","전기","주간","19870112","19870303","B10","서울특별시교육청","서울특별시","주간","상업계","세무회계과","20210602"
"고등학교","사립","7011185","동일여자상업고등학교","Dong-il Girls’ Commercial High School","서울특별시교육청","08656","서울특별시 금천구 탑골로10길 45","(시흥동)","02-807-6333","http://www.dongil-cd.hs.kr","02-804-9040","여","특성화고","N","전문계","","전기","주간","19870112","19870303","B10","서울특별시교육청","서울특별시","주간","상업계","스마트콘텐츠과","20210602"
"고등학교","사립","7011185","동일여자상업고등학교","Dong-il Girls’ Commercial High School","서울특별시교육청","08656","서울특별시 금천구 탑골로10길 45","(시흥동)","02-807-6333","http://www.dongil-cd.hs.kr","02-804-9040","여","특성화고","N","전문계","","전기","주간","19870112","19870303","B10","서울특별시교육청","서울특별시","주간","상업계","정보처리과","20210602"
"고등학교","사립","7011185","동일여자상업고등학교","Dong-il Girls’ Commercial High School","서울특별시교육청","08656","서울특별시 금천구 탑골로10길 45","(시흥동)","02-807-6333","http://www.dongil-cd.hs.kr","02-804-9040","여","특성화고","N","전문계","","전기","주간","19870112","19870303","B10","서울특별시교육청","서울특별시","주간","상업계","컴퓨터디자인과","20210602"
"고등학교","공립","7010560","독산고등학교","Doksan High School","서울특별시교육청","08551","서울특별시 금천구 문성로 64","/ 독산고등학교 (독산동)","02-857-6248","http://www.doksan.hs.kr","02-857-6247","남여공학","일반고","N","일반계","","후기","주간","20011231","20020504","B10","서울특별시교육청","서울특별시","주간","일반계","공통과정","20210602"
"고등학교","공립","7010560","독산고등학교","Doksan High School","서울특별시교육청","08551","서울특별시 금천구 문성로 64","/ 독산고등학교 (독산동)","02-857-6248","http://www.doksan.hs.kr","02-857-6247","남여공학","일반고","N","일반계","","후기","주간","20011231","20020504","B10","서울특별시교육청","서울특별시","주간","일반계","7차일반","20210602"
"고등학교","사립","7010166","문일고등학교","Moonil High School","서울특별시교육청","08634","서울특별시 금천구 시흥대로47길 45","(시흥동)","02-802-2301","http://moonil.hs.kr","02-893-5094","남","일반고","N","일반계","","후기","주간","19741227","19741227","B10","서울특별시교육청","서울특별시","주간","일반계","공통과정","20210602"
"고등학교","사립","7010166","문일고등학교","Moonil High School","서울특별시교육청","08634","서울특별시 금천구 시흥대로47길 45","(시흥동)","02-802-2301","http://moonil.hs.kr","02-893-5094","남","일반고","N","일반계","","후기","주간","19741227","19741227","B10","서울특별시교육청","서울특별시","주간","일반계","7차일반","20210602"
"고등학교","사립","7010166","문일고등학교","Moonil High School","서울특별시교육청","08634","서울특별시 금천구 시흥대로47길 45","(시흥동)","02-802-2301","http://moonil.hs.kr","02-893-5094","남","일반고","N","일반계","","후기","주간","19741227","19741227","B10","서울특별시교육청","서울특별시","주간","일반계","자연과정","20210602"
"고등학교","사립","7010166","문일고등학교","Moonil High School","서울특별시교육청","08634","서울특별시 금천구 시흥대로47길 45","(시흥동)","02-802-2301","http://moonil.hs.kr","02-893-5094","남","일반고","N","일반계","","후기","주간","19741227","19741227","B10","서울특별시교육청","서울특별시","주간","일반계","인문사회과정","20210602"
"고등학교","사립","7010156","동일여자고등학교","Dong-il Girls’ High School","서울특별시교육청","08656","서울특별시 금천구 탑골로10길 45","(시흥동/ 동일여자고등학교)","02-803-9806","http://www.dongilg.hs.kr","02-894-5554","여","일반고","N","일반계","","후기","주간","19721219","19680910","B10","서울특별시교육청","서울특별시","주간","일반계","직업과정","20210602"
"고등학교","사립","7010156","동일여자고등학교","Dong-il Girls’ High School","서울특별시교육청","08656","서울특별시 금천구 탑골로10길 45","(시흥동/ 동일여자고등학교)","02-803-9806","http://www.dongilg.hs.kr","02-894-5554","여","일반고","N","일반계","","후기","주간","19721219","19680910","B10","서울특별시교육청","서울특별시","주간","일반계","자연과정","20210602"
"고등학교","사립","7010156","동일여자고등학교","Dong-il Girls’ High School","서울특별시교육청","08656","서울특별시 금천구 탑골로10길 45","(시흥동/ 동일여자고등학교)","02-803-9806","http://www.dongilg.hs.kr","02-894-5554","여","일반고","N","일반계","","후기","주간","19721219","19680910","B10","서울특별시교육청","서울특별시","주간","일반계","인문사회과정","20210602"
"고등학교","사립","7010156","동일여자고등학교","Dong-il Girls’ High School","서울특별시교육청","08656","서울특별시 금천구 탑골로10길 45","(시흥동/ 동일여자고등학교)","02-803-9806","http://www.dongilg.hs.kr","02-894-5554","여","일반고","N","일반계","","후기","주간","19721219","19680910","B10","서울특별시교육청","서울특별시","주간","일반계","공통과정","20210602"
"고등학교","사립","7010156","동일여자고등학교","Dong-il Girls’ High School","서울특별시교육청","08656","서울특별시 금천구 탑골로10길 45","(시흥동/ 동일여자고등학교)","02-803-9806","http://www.dongilg.hs.kr","02-894-5554","여","일반고","N","일반계","","후기","주간","19721219","19680910","B10","서울특별시교육청","서울특별시","주간","일반계","7차일반","20210602"
"고등학교","공립","7010072","금천고등학교","Geumcheon High School","서울특별시교육청","08650","서울특별시 금천구 시흥대로38길 26","(시흥동/금천고등학교)","02-896-3181","http://Geumcheon.sen.hs.kr","02-808-3186","남여공학","일반고","N","일반계","","후기","주간","19831208","19850506","B10","서울특별시교육청","서울특별시","주간","일반계","자연과정","20210602"
"고등학교","공립","7010072","금천고등학교","Geumcheon High School","서울특별시교육청","08650","서울특별시 금천구 시흥대로38길 26","(시흥동/금천고등학교)","02-896-3181","http://Geumcheon.sen.hs.kr","02-808-3186","남여공학","일반고","N","일반계","","후기","주간","19831208","19850506","B10","서울특별시교육청","서울특별시","주간","일반계","인문사회과정","20210602"
"고등학교","공립","7010072","금천고등학교","Geumcheon High School","서울특별시교육청","08650","서울특별시 금천구 시흥대로38길 26","(시흥동/금천고등학교)","02-896-3181","http://Geumcheon.sen.hs.kr","02-808-3186","남여공학","일반고","N","일반계","","후기","주간","19831208","19850506","B10","서울특별시교육청","서울특별시","주간","일반계","공통과정","20210602"
"고등학교","공립","7010072","금천고등학교","Geumcheon High School","서울특별시교육청","08650","서울특별시 금천구 시흥대로38길 26","(시흥동/금천고등학교)","02-896-3181","http://Geumcheon.sen.hs.kr","02-808-3186","남여공학","일반고","N","일반계","","후기","주간","19831208","19850506","B10","서울특별시교육청","서울특별시","주간","일반계","7차일반","20210602"
"각종학교(중)","국립","1371664","국립전통예술중학교","National Middle School of Traditional Korean Arts","교육부","08650","서울특별시 금천구 시흥대로38길 62","(시흥동)","02-896-1094","http://kugak-am.ms.kr","02-896-2044","남여공학","","N","해당없음","","전기","주간","19600310","19600513","B10","서울특별시교육청","서울특별시","","","","20210602"
"고등학교","국립","1371663","국립전통예술고등학교","NATIONAL HIGH SCHOOL OF TRADITIONAL KOREAN ARTS","교육부","08650","서울특별시 금천구 시흥대로38길 62","(시흥동)","02-896-1094","http://kugak-am.hs.kr","02-896-1096","남여공학","특목고","N","일반계","예술계열","전기","주간","19600513","19600513","B10","서울특별시교육청","서울특별시","주간","예술계","기악과","20210602"
"고등학교","국립","1371663","국립전통예술고등학교","NATIONAL HIGH SCHOOL OF TRADITIONAL KOREAN ARTS","교육부","08650","서울특별시 금천구 시흥대로38길 62","(시흥동)","02-896-1094","http://kugak-am.hs.kr","02-896-1096","남여공학","특목고","N","일반계","예술계열","전기","주간","19600513","19600513","B10","서울특별시교육청","서울특별시","주간","예술계","한국음악과","20210602"
"고등학교","국립","1371663","국립전통예술고등학교","NATIONAL HIGH SCHOOL OF TRADITIONAL KOREAN ARTS","교육부","08650","서울특별시 금천구 시흥대로38길 62","(시흥동)","02-896-1094","http://kugak-am.hs.kr","02-896-1096","남여공학","특목고","N","일반계","예술계열","전기","주간","19600513","19600513","B10","서울특별시교육청","서울특별시","주간","예술계","타악과","20210602"
"고등학교","국립","1371663","국립전통예술고등학교","NATIONAL HIGH SCHOOL OF TRADITIONAL KOREAN ARTS","교육부","08650","서울특별시 금천구 시흥대로38길 62","(시흥동)","02-896-1094","http://kugak-am.hs.kr","02-896-1096","남여공학","특목고","N","일반계","예술계열","전기","주간","19600513","19600513","B10","서울특별시교육청","서울특별시","주간","예술계","창작연희과","20210602"
"고등학교","국립","1371663","국립전통예술고등학교","NATIONAL HIGH SCHOOL OF TRADITIONAL KOREAN ARTS","교육부","08650","서울특별시 금천구 시흥대로38길 62","(시흥동)","02-896-1094","http://kugak-am.hs.kr","02-896-1096","남여공학","특목고","N","일반계","예술계열","전기","주간","19600513","19600513","B10","서울특별시교육청","서울특별시","주간","예술계","작곡이론과","20210602"
"고등학교","국립","1371663","국립전통예술고등학교","NATIONAL HIGH SCHOOL OF TRADITIONAL KOREAN ARTS","교육부","08650","서울특별시 금천구 시흥대로38길 62","(시흥동)","02-896-1094","http://kugak-am.hs.kr","02-896-1096","남여공학","특목고","N","일반계","예술계열","전기","주간","19600513","19600513","B10","서울특별시교육청","서울특별시","주간","예술계","음악연극과","20210602"
"고등학교","국립","1371663","국립전통예술고등학교","NATIONAL HIGH SCHOOL OF TRADITIONAL KOREAN ARTS","교육부","08650","서울특별시 금천구 시흥대로38길 62","(시흥동)","02-896-1094","http://kugak-am.hs.kr","02-896-1096","남여공학","특목고","N","일반계","예술계열","전기","주간","19600513","19600513","B10","서울특별시교육청","서울특별시","주간","예술계","연희극과","20210602"
"고등학교","국립","1371663","국립전통예술고등학교","NATIONAL HIGH SCHOOL OF TRADITIONAL KOREAN ARTS","교육부","08650","서울특별시 금천구 시흥대로38길 62","(시흥동)","02-896-1094","http://kugak-am.hs.kr","02-896-1096","남여공학","특목고","N","일반계","예술계열","전기","주간","19600513","19600513","B10","서울특별시교육청","서울특별시","주간","예술계","국악과","20210602"
"고등학교","국립","1371663","국립전통예술고등학교","NATIONAL HIGH SCHOOL OF TRADITIONAL KOREAN ARTS","교육부","08650","서울특별시 금천구 시흥대로38길 62","(시흥동)","02-896-1094","http://kugak-am.hs.kr","02-896-1096","남여공학","특목고","N","일반계","예술계열","전기","주간","19600513","19600513","B10","서울특별시교육청","서울특별시","주간","예술계","무용과","20210602"
"고등학교","국립","1371663","국립전통예술고등학교","NATIONAL HIGH SCHOOL OF TRADITIONAL KOREAN ARTS","교육부","08650","서울특별시 금천구 시흥대로38길 62","(시흥동)","02-896-1094","http://kugak-am.hs.kr","02-896-1096","남여공학","특목고","N","일반계","예술계열","전기","주간","19600513","19600513","B10","서울특별시교육청","서울특별시","주간","예술계","성악과","20210602"