관리번호,공원명,공원구분,소재지도로명주소,소재지지번주소,위도,경도,공원면적,공원보유시설(운동시설),공원보유시설(유희시설),공원보유시설(편익시설),공원보유시설(교양시설),공원보유시설(기타시설),지정고시일,관리기관명,전화번호,데이터기준일자
11680-00002,신사근린공원,근린공원,,서울특별시 강남구 압구정동 422,37.526708,127.021458,6800.0,,,,,,,,02-3423-6245,2021-07-09
11680-00003,대청근린공원,근린공원,,서울특별시 강남구 일원동 621,37.49319912,127.0830019,14089.1,,,,,,,,02-3423-6245,2021-07-09
11680-00004,늘푸른근린공원,근린공원,,서울특별시 강남구 일원동 690,37.489885,127.077436,11410.3,,,,,,,,02-3423-6245,2021-07-09
11680-00005,개포서근린공원,근린공원,,서울특별시 강남구 개포동 180,37.488628,127.064142,11219.2,,,,,,,,02-3423-6245,2021-07-09
11680-00006,개포동근린공원,근린공원,,서울특별시 강남구 개포동 182-1,37.4897064102,127.0682905337,9705.6,,,,,,,,02-3423-6245,2021-07-09
11680-00007,대치근린공원,근린공원,,서울특별시 강남구 대치동 512,37.495123,127.061109,10408.9,,,,,,,,02-3423-6245,2021-07-09
11680-00008,늘벗근린공원,근린공원,,서울특별시 강남구 대치동 501,37.489623,127.048394,19812.3,,,,,,,,02-3423-6245,2021-07-09
11680-00009,독골근린공원,근린공원,,서울특별시 강남구 도곡동 461,37.484552,127.0468249,10022.9,,,,,,,,02-3423-6245,2021-07-09
11680-00010,포이근린공원,근린공원,,서울특별시 강남구 개포동 1239-21,37.479681,127.036037,16811.4,,,,,,,,02-3423-6245,2021-07-09
11680-00011,청룡근린공원,근린공원,,서울특별시 강남구 개포동 649-1,37.485594,127.045605,9367.0,,,,,,,,02-3423-6245,2021-07-09
11680-00012,배밭근린공원,근린공원,,서울특별시 강남구 개포동 181,37.488214877,127.0594681029,11627.2,,,,,,,,02-3423-6245,2021-07-09
11680-00013,학여울근린공원,근린공원,,서울특별시 강남구 개포동 183-1,37.4897064102,127.0682905337,12505.6,,,,,,,,02-3423-6245,2021-07-09
11680-00014,청수근린공원,근린공원,,서울특별시 강남구 청담동 134-13,37.523249,127.049676,17402.0,,,,,,,,02-3423-6245,2021-07-09
11680-00015,청담근린공원,근린공원,,서울특별시 강남구 청담동 66,37.520727,127.035334,59347.0,,,,,,,,02-3423-6245,2021-07-09
11680-00016,한티근린공원,근린공원,,서울특별시 강남구 대치동 212-1,37.494917,127.053606,19200.0,,,,,,,,02-3423-6245,2021-07-09
11680-00017,개포근린공원,근린공원,,서울특별시 강남구 개포동 139,37.4830336,127.063861,90063.9,,,,,,,,02-3423-6245,2021-07-09
11680-00018,달터근린공원,근린공원,,서울특별시 강남구 개포동 156,37.485434,127.0596369489,232078.2,,,,,,,,02-3423-6245,2021-07-09
11680-00019,대진근린공원,근린공원,,서울특별시 강남구 개포동 13-1,37.496049,127.0788531,13568.4,,,,,,,,02-3423-6245,2021-07-09
11680-00020,탄천근린공원,근린공원,,서울특별시 강남구 수서동 722,37.487436,127.1062898,10011.0,,,,,,,,02-3423-6245,2021-07-09
11680-00021,한솔근린공원,근린공원,,서울특별시 강남구 일원동 732,37.480936,127.069411,12878.4,,,,,,,,02-3423-6245,2021-07-09
11680-00022,학동근린공원,근린공원,,서울특별시 강남구 논현동 26,37.515548,127.0251861,29947.0,,,,,,,,02-3423-6245,2021-07-09
11680-00023,삼성은행나무근린공원,근린공원,,서울특별시 강남구 삼성동 14,37.516489,127.036994,1500.0,,,,,,,,02-3423-6245,2021-07-09
11680-00024,도곡근린공원,근린공원,,서울특별시 강남구 도곡동 산31-1,37.48963705,127.041861,254648.0,,,,,,,,02-3423-6245,2021-07-09
11680-00025,싸리고개근린공원,근린공원,,서울특별시 강남구 도곡동 550,37.489953,127.0363246,15072.5,,,,,,,,02-3423-6245,2021-07-09
11680-00026,갈매기근린공원,근린공원,,서울특별시 강남구 압구정동 480,37.531496,127.030123,7732.0,,,,,,,,02-3423-6245,2021-07-09
11680-00027,도성근린공원,근린공원,,서울특별시 강남구 역삼동 713-15,37.500748,127.044485,1988.8,,,,,,,,02-3423-6245,2021-07-09
11680-00028,송운근린공원,근린공원,,서울특별시 강남구 역삼동 755-9,37.499848,127.044636,1175.0,,,,,,,,02-3423-6245,2021-07-09
11680-00029,언주근린공원,근린공원,,서울특별시 강남구 역삼동 754-7,37.499059,127.043268,1110.8,,,,,,,,02-3423-6245,2021-07-09
11680-00030,영동근린공원,근린공원,,서울특별시 강남구 역삼동 755-7,37.49801996,127.046352,1293.6,,,,,,,,02-3423-6245,2021-07-09
11680-00001,도산근린공원,근린공원,,서울특별시 강남구 신사동 649-9,37.523911,127.0356032,29816.5,,,,,,,,02-3423-6245,2021-07-09
11680-00031,길섶근린공원,근린공원,,서울특별시 강남구 역삼동 757-1,37.498081,127.046708,1580.6,,,,,,,,02-3423-6245,2021-07-09
11680-00032,매봉근린공원,근린공원,,서울특별시 강남구 도곡동 527-7,37.492589,127.045762,6146.9,,,,,,,,02-3423-6245,2021-07-09
11680-00033,봉은근린공원,근린공원,,서울특별시 강남구 역삼동 754-4,37.498247,127.047136,1147.7,,,,,,,,02-3423-6245,2021-07-09
11680-00034,배꽃근린공원,근린공원,,서울특별시 강남구 삼성동 11-3,37.516663,127.040299,1592.9,,,,,,,,02-3423-6245,2021-07-09
11680-00035,반달근린공원,근린공원,,서울특별시 강남구 삼성동 7-4,37.51611453,127.040616,679.3,,,,,,,,02-3423-6245,2021-07-09
11680-00036,샘터근린공원,근린공원,,서울특별시 강남구 삼성동 16-4,37.514379,127.060169,1799.5,,,,,,,,02-3423-6245,2021-07-09
11680-00037,학봉근린공원,근린공원,,서울특별시 강남구 삼성동 50-3,37.51278833,127.053987,1343.0,,,,,,,,02-3423-6245,2021-07-09
11680-00038,큰골근린공원,근린공원,,서울특별시 강남구 대치동 888-3,37.494313,127.0544175,1688.1,,,,,,,,02-3423-6245,2021-07-09
11680-00039,새뜰근린공원,근린공원,,서울특별시 강남구 역삼동 765-30,37.497183,127.046607,427.6,,,,,,,,02-3423-6245,2021-07-09
11680-00040,수서제2근린공원,근린공원,,서울특별시 강남구 수서동 749,37.4835908846,127.0887928969,44587.5,,,,,,,,02-3423-6245,2021-07-09
11680-00041,수서택지개발(대모산부근),근린공원,,서울특별시 강남구 일원동 732-3,37.48088953,127.076069,11588.6,,,,,,,,02-3423-6245,2021-07-09
11680-00042,수서택지개발(광평부근),근린공원,,서울특별시 강남구 수서동 737-1,37.487307,127.092754,7569.1,,,,,,,,02-3423-6245,2021-07-09
11680-00043,세곡동 근린공원1,근린공원,,서울특별시 강남구 세곡동 525-1,37.474676,127.103057,10310.4,,,,,,,,02-3423-6245,2021-07-09
11680-00044,세곡공원,근린공원,,서울특별시 강남구 세곡동 산50,37.469014,127.104715,101513.0,,,,,,,,02-3423-6245,2021-07-09
11680-00045,돌산공원,근린공원,,서울특별시 강남구 세곡동 산1,37.46670933,127.107458,98417.0,,,,,,,,02-3423-6245,2021-07-09
11680-00046,광평공원,근린공원,,서울특별시 강남구 수서동 산10-1,37.4865192139,127.0921363155,519782.0,,,,,,,,02-3423-6245,2021-07-09
11680-00047,압구정 428,근린공원,,서울특별시 강남구 압구정 428,37.527425,127.021936,13968.3,,,,,,,,02-3423-6245,2021-07-09
11680-00048,봉은역사공원,역사공원,,서울특별시 강남구 삼성동 75,37.513888,127.046723,75635.7,,,,,,,,02-3423-6245,2021-07-09
11680-00049,역삼문화공원,문화공원,,서울특별시 강남구 역삼동 635,37.502515362,127.0303909145,33974.9,,,,,,,,02-3423-6245,2021-07-09
11680-00050,다솜소공원,소공원,,서울특별시 강남구 역삼동 763-18,37.496998,127.039348,604.1,,,,,,,,02-3423-6245,2021-07-09
11680-00051,도곡단비소공원,소공원,,서울특별시 강남구 도곡동 539-6,37.493903,127.046942,896.5,,,,,,,,02-3423-6245,2021-07-09
11680-00052,도곡동 426-9(로덴하우스)소공원,소공원,,서울특별시 강남구 도곡동 462-9,37.485319,127.046753,80.0,,,,,,,,02-3423-6245,2021-07-09
11680-00053,역삼나들이소공원,소공원,,서울특별시 강남구 역삼동 716-5,37.500748,127.050364,650.0,,,,,,,,02-3423-6245,2021-07-09
11680-00054,아크로힐스소공원,소공원,,서울특별시 강남구 논현동 276-2,37.51003194,127.039492,800.0,,,,,,,,02-3423-6245,2021-07-09
11680-00055,논현까치공원,어린이공원,,서울특별시 강남구 논현동 162-11,37.509026,127.020792,956.7,,,,,,,,02-3423-6247,2021-07-09
11680-00056,논현목련공원,어린이공원,,서울특별시 강남구 논현동 137-18,37.510851,127.017942,986.0,,,,,,,,02-3423-6247,2021-07-09
11680-00057,논현은행나무공원,어린이공원,,서울특별시 강남구 논현동 47-13,37.512617,127.013669,1014.5,,,,,,,,02-3423-6247,2021-07-09
11680-00058,논현개나리공원,어린이공원,,서울특별시 강남구 논현동 150-5,37.51122564,127.0300758,1652.9,,,,,,,,02-3423-6247,2021-07-09
11680-00059,논현무궁화공원,어린이공원,,서울특별시 강남구 논현동 205-7,37.506648,127.021935,1879.7,,,,,,,,02-3423-6247,2021-07-09
11680-00060,논현소나무공원,어린이공원,,서울특별시 강남구 논현동 239,37.515685,127.035281,1819.9,,,,,,,,02-3423-6247,2021-07-09
11680-00061,학동공원,어린이공원,,서울특별시 강남구 논현동 263-23,37.511646,127.0387639,1498.5,,,,,,,,02-3423-6247,2021-07-09
11680-00062,신사은행나무공원,어린이공원,,서울특별시 강남구 신사동 558,37.521114,127.021627,1240.1,,,,,,,,02-3423-6247,2021-07-09
11680-00063,신사목련공원,어린이공원,,서울특별시 강남구 신사동 567-37,37.522898,127.017064,1001.1,,,,,,,,02-3423-6247,2021-07-09
11680-00064,신사무궁화공원,어린이공원,,서울특별시 강남구 신사동 625-5,37.524131,127.0319138,1641.8,,,,,,,,02-3423-6247,2021-07-09
11680-00065,신사까치공원,어린이공원,,서울특별시 강남구 신사동 597,37.52342193,127.029229,992.9,,,,,,,,02-3423-6247,2021-07-09
11680-00066,신사개나리공원,어린이공원,,서울특별시 강남구 신사동 609-2,37.526208,127.027304,991.3,,,,,,,,02-3423-6247,2021-07-09
11680-00067,압구정목련공원,어린이공원,,서울특별시 강남구 압구정동 466,37.53268534,127.0322088,2027.2,,,,,,,,02-3423-6247,2021-07-09
11680-00068,압구정은행나무공원,어린이공원,,서울특별시 강남구 압구정동 459,37.530689,127.022677,2547.4,,,,,,,,02-3423-6247,2021-07-09
11680-00069,삼성목련공원,어린이공원,,서울특별시 강남구 삼성동 55-1,37.518515,127.045196,1641.4,,,,,,,,02-3423-6247,2021-07-09
11680-00070,삼성까치공원,어린이공원,,서울특별시 강남구 삼성동 85,37.518324,127.051865,1462.9,,,,,,,,02-3423-6247,2021-07-09
11680-00071,청담은행나무공원,어린이공원,,서울특별시 강남구 청담동 94-4,37.525154,127.0442417,1643.8,,,,,,,,02-3423-6247,2021-07-09
11680-00072,청담목련공원,어린이공원,,서울특별시 강남구 청담동 51,37.522979,127.041076,1642.1,,,,,,,,02-3423-6247,2021-07-09
11680-00073,도곡까치공원,어린이공원,,서울특별시 강남구 도곡동 455,37.483326,127.0451093,1793.8,,,,,,,,02-3423-6247,2021-07-09
11680-00074,도곡목련공원,어린이공원,,서울특별시 강남구 도곡동 415-3,37.484915,127.0443053,1709.2,,,,,,,,02-3423-6247,2021-07-09
11680-00075,역삼장미공원,어린이공원,,서울특별시 강남구 역삼동 780-25,37.495327,127.035846,1636.6,,,,,,,,02-3423-6247,2021-07-09
11680-00076,역삼까치공원,어린이공원,,서울특별시 강남구 역삼동 824-10,37.497225,127.021971,987.2,,,,,,,,02-3423-6247,2021-07-09
11680-00077,역삼무궁화공원,어린이공원,,서울특별시 강남구 역삼동 830-23,37.493835,127.032209,991.5,,,,,,,,02-3423-6247,2021-07-09
11680-00078,역삼개나리공원,어린이공원,,서울특별시 강남구 역삼동 739-15,37.497571,127.0362551,1635.0,,,,,,,,02-3423-6247,2021-07-09
11680-00079,역삼소나무공원,어린이공원,,서울특별시 강남구 역삼동 836-21,37.490961,127.024931,987.3,,,,,,,,02-3423-6247,2021-07-09
11680-00080,역삼은행나무공원,어린이공원,,서울특별시 강남구 역삼동 611,37.505409,127.0311674,1647.1,,,,,,,,02-3423-6247,2021-07-09
11680-00081,대치목련공원,어린이공원,,서울특별시 강남구 대치동 929-10,37.49982553,127.0581713,1649.1,,,,,,,,02-3423-6247,2021-07-09
11680-00082,대치까치공원,어린이공원,,서울특별시 강남구 대치동 1014-4,37.496941,127.058458,992.2,,,,,,,,02-3423-6247,2021-07-09
11680-00083,대치은행나무공원,어린이공원,,서울특별시 강남구 대치동 899-25,37.501649,127.0515319,1618.7,,,,,,,,02-3423-6247,2021-07-09
11680-00084,개포까치공원,어린이공원,,서울특별시 강남구 개포동 169-3,37.48370515,127.0608782,1690.2,,,,,,,,02-3423-6247,2021-07-09
11680-00085,개포공원,어린이공원,,서울특별시 강남구 개포동 190,37.485235,127.067125,4793.8,,,,,,,,02-3423-6247,2021-07-09
11680-00086,개포개나리공원,어린이공원,,서울특별시 강남구 개포동 190,37.485235,127.067125,1500.6,,,,,,,,02-3423-6247,2021-07-09
11680-00087,개포은행나무공원,어린이공원,,서울특별시 강남구 개포동 1220,37.47602964,127.0492625,1641.7,,,,,,,,02-3423-6247,2021-07-09
11680-00088,개포목련공원,어린이공원,,서울특별시 강남구 개포동 1176,37.474238,127.043675,1639.1,,,,,,,,02-3423-6247,2021-07-09
11680-00089,일원은행나무공원,어린이공원,,서울특별시 강남구 일원동 615-2,37.492002,127.068214,1500.3,,,,,,,,02-3423-6247,2021-07-09
11680-00090,일원목련공원,어린이공원,,서울특별시 강남구 일원동 658,37.491431,127.076807,1613.8,,,,,,,,02-3423-6247,2021-07-09
11680-00091,일원까치공원,어린이공원,,서울특별시 강남구 일원동 712-4,37.49204899,127.079419,1476.3,,,,,,,,02-3423-6247,2021-07-09
11680-00092,궁마을공원,어린이공원,,서울특별시 강남구 수서동 465-15,37.484831,127.090647,306.0,,,,,,,,02-3423-6247,2021-07-09
11680-00093,예지공원,어린이공원,,서울특별시 강남구 개포동 12-7,37.491953,127.064406,1535.9,,,,,,,,02-3423-6247,2021-07-09
11680-00094,한마음공원,어린이공원,,서울특별시 강남구 개포동 12-3,37.496013,127.067034,2488.1,,,,,,,,02-3423-6247,2021-07-09
11680-00095,일원장미공원,어린이공원,,서울특별시 강남구 일원동 732-4,37.480681,127.071949,1500.0,,,,,,,,02-3423-6247,2021-07-09
11680-00096,일원개나리공원,어린이공원,,서울특별시 강남구 일원동 730-3,37.482993,127.067728,4453.6,,,,,,,,02-3423-6247,2021-07-09
11680-00097,일원느티나무공원,어린이공원,,서울특별시 강남구 일원동 730-2,37.483047,127.068692,1825.7,,,,,,,,02-3423-6247,2021-07-09
11680-00098,일원소나무공원,어린이공원,,서울특별시 강남구 일원동 718-1,37.484061,127.073013,1500.6,,,,,,,,02-3423-6247,2021-07-09
11680-00099,일원상록수공원,어린이공원,,서울특별시 강남구 일원동 734-1,37.482102,127.0822265,1500.4,,,,,,,,02-3423-6247,2021-07-09
11680-00100,일원비둘기공원,어린이공원,,서울특별시 강남구 일원동 735-1,37.48327765,127.0859615,1501.0,,,,,,,,02-3423-6247,2021-07-09
11680-00101,일원진달래공원,어린이공원,,서울특별시 강남구 일원동 716-1,37.484753,127.075966,1500.1,,,,,,,,02-3423-6247,2021-07-09
11680-00102,일원새싹공원,어린이공원,,서울특별시 강남구 수서동 746-1,37.484772,127.0890958,1500.2,,,,,,,,02-3423-6247,2021-07-09
11680-00103,수서까치공원,어린이공원,,서울특별시 강남구 수서동 736-1,37.48713637,127.089183,1500.2,,,,,,,,02-3423-6247,2021-07-09
11680-00104,수서은행나무공원,어린이공원,,서울특별시 강남구 수서동 707-1,37.49213676,127.0997523,1500.4,,,,,,,,02-3423-6247,2021-07-09
11680-00105,수서목련공원,어린이공원,,서울특별시 강남구 수서동 712-1,37.491169,127.099314,1418.8,,,,,,,,02-3423-6247,2021-07-09
11680-00106,수서개나리공원,어린이공원,,서울특별시 강남구 수서동 723-1,37.487518,127.096653,1500.1,,,,,,,,02-3423-6247,2021-07-09
11680-00107,아래반고개공원,어린이공원,,서울특별시 강남구 세곡동 129-13,37.463874,127.098339,863.0,,,,,,,,02-3423-6247,2021-07-09
11680-00108,윗반고개공원,어린이공원,,서울특별시 강남구 세곡동 99-6,37.466333,127.104617,1250.0,,,,,,,,02-3423-6247,2021-07-09
11680-00109,은곡마을공원,어린이공원,,서울특별시 강남구 세곡동 369-3,37.46801863,127.096174,2686.0,,,,,,,,02-3423-6247,2021-07-09
11680-00110,쟁골공원,어린이공원,,서울특별시 강남구 자곡동 233-2,37.48190388,127.093319,468.0,,,,,,,,02-3423-6247,2021-07-09
11680-00111,못골공원,어린이공원,,서울특별시 강남구 자곡동 447-23,37.473573,127.091406,749.0,,,,,,,,02-3423-6247,2021-07-09
11680-00112,윗방죽마을공원,어린이공원,,서울특별시 강남구 율현동 308-29,37.470276,127.100111,935.0,,,,,,,,02-3423-6247,2021-07-09
11680-00113,아래방죽마을공원,어린이공원,,서울특별시 강남구 율현동 194-1,37.473276,127.1081902,386.0,,,,,,,,02-3423-6247,2021-07-09
11680-00114,충현공원,어린이공원,,서울특별시 강남구 역삼동 666-2,37.50467201,127.027767,2721.8,,,,,,,,02-3423-6247,2021-07-09
11680-00115,세곡천공원,어린이공원,,서울특별시 강남구 세곡동 522-1,37.462426,127.097552,2645.1,,,,,,,,02-3423-6247,2021-07-09
11680-00116,대왕공원,어린이공원,,서울특별시 강남구 세곡동 526-2,37.474486,127.091064,2633.1,,,,,,,,02-3423-6247,2021-07-09
11680-00117,근린공원1호,근린공원,,서울특별시 강남구 세곡동 603,37.466445,127.095331,18856.7,,,,,,,,02-3423-6245,2021-07-09
11680-00118,근린공원2호,근린공원,,서울특별시 강남구 자곡동 625,37.469317,127.0907547,5236.8,,,,,,,,02-3423-6245,2021-07-09
11680-00119,근린공원3호,근린공원,,서울특별시 강남구 자곡동 615,37.472608,127.093071,38003.6,,,,,,,,02-3423-6245,2021-07-09
11680-00120,근린공원4호,근린공원,,서울특별시 강남구 자곡동 608,37.474515,127.096381,24247.1,,,,,,,,02-3423-6245,2021-07-09
11680-00121,근린공원5호,근린공원,,서울특별시 강남구 자곡동 607,37.47330498,127.0997276,21560.9,,,,,,,,02-3423-6245,2021-07-09
11680-00122,근린공원6호,근린공원,,서울특별시 강남구 자곡동 647,37.472267,127.101805,19739.5,,,,,,,,02-3423-6245,2021-07-09
11680-00123,근린공원7호,근린공원,,서울특별시 강남구 자곡동 627,37.471058,127.092804,12093.0,,,,,,,,02-3423-6245,2021-07-09
11680-00124,수변공원1호,수변공원,,서울특별시 강남구 세곡동604-1,37.465664,127.097181,10399.2,,,,,,,,02-3423-6245,2021-07-09
11680-00125,수변공원2호,수변공원,,서울특별시 강남구 세곡동 537,37.465072,127.093755,3713.3,,,,,,,,02-3423-6245,2021-07-09
11680-00126,쉼표소공원,소공원,,서울특별시 강남구 세곡동 549,37.467518,127.099851,1199.2,,,,,,,,02-3423-6245,2021-07-09
11680-00127,대치청실아파트 소공원1,소공원,,서울특별시 강남구 대치동 633,37.494298,127.0616031,3845.0,,,,,,,,02-3423-6245,2021-07-09
11680-00128,대치청실아파트 소공원2,소공원,,서울특별시 강남구 대치동 610,37.495443,127.061029,610.0,,,,,,,,02-3423-6245,2021-07-09
11680-00129,역삼미소공원,소공원,,서울특별시 강남구 역삼동 711-5,37.50129626,127.0440001,576.0,,,,,,,,02-3423-6245,2021-07-09
11680-00130,도곡햇살공원,소공원,,서울특별시 강남구 도곡동 538-4,37.49580707,127.0523046,558.5,,,,,,,,02-3423-6245,2021-07-09
11680-00131,도담공원,어린이공원,,서울특별시 강남구 세곡동 548,37.46716524,127.0986125,4282.7,,,,,,,,02-3423-6247,2021-07-09
11680-00132,행복공원,어린이공원,,서울특별시 강남구 세곡동 546,37.46676405,127.0980565,2483.5,,,,,,,,02-3423-6247,2021-07-09
11680-00133,대치에스케이뷰1 소공원,소공원,,서울특별시 강남구 대치동 1029-2,37.49486214,127.0617781,302.0,,,,,,,,02-3423-6244,2021-07-09
11680-00134,대치에스케이뷰2 소공원,소공원,,서울특별시 강남구 대치동 1029-3,37.4959785,127.061581,481.0,,,,,,,,02-3423-6244,2021-07-09
11230-00001,청량,근린공원,,서울특별시 동대문구 청량리동 산1-1,,,119871.0,,,,홍릉수목원,,1940-03-12,서울특별시 동대문구청,02-2127-4775,2021-06-25
11230-00002,우산각,어린이공원,서울특별시 동대문구 천호대로4길 22,서울특별시 동대문구 신설동 109-4,37.5738565548,127.0241852123,5294.2,다목적구장,"조합놀이대, 흔들놀이, 그네",화장실,도서관,"다목적광장, 바닥분수",1963-04-26,서울특별시 동대문구청,02-2127-4776,2021-06-25
11230-00003,느티나무,어린이공원,,서울특별시 동대문구 용두동 138-61,,,1719.0,,,,,,1976-03-11,서울특별시 동대문구청,02-2127-4776,2021-06-25
11230-00004,안골,어린이공원,서울특별시 동대문구 천호대로77다길 20,서울특별시 동대문구 장안동 402,37.5652643611,127.0643819023,1652.3,,"조합놀이대, 시소, 그네, 흔들놀이, 모래놀이터",음수전,,,1976-06-25,서울특별시 동대문구청,02-2127-4776,2021-06-25
11230-00005,마로니에,어린이공원,,서울특별시 동대문구 장안동 325,,,1656.2,,조합놀이대,,,,1976-06-25,서울특별시 동대문구청,02-2127-4776,2021-06-25
11230-00006,늘푸른,어린이공원,,서울특별시 동대문구 장안동 303,,,1653.1,,"조합놀이대, 그네, 흔들놀이",,,,1976-06-25,서울특별시 동대문구청,02-2127-4776,2021-06-25
11230-00007,늘봄,어린이공원,서울특별시 동대문구 장한로26나길 6,서울특별시 동대문구 장안동 343,37.5713223988,127.0725892839,1659.2,,"조합놀이대, 모래놀이터","화장실, 음수전",,,1976-06-25,서울특별시 동대문구청,02-2127-4776,2021-06-25
11230-00008,한내,어린이공원,,서울특별시 동대문구 장안동 348,,,1617.2,,"조합놀이대, 회전놀이, 그네, 흔들놀이, 짚라인, 모래놀이터",음수전,,,1976-06-25,서울특별시 동대문구청,02-2127-4776,2021-06-25
11230-00009,이삭,어린이공원,,서울특별시 동대문구 전농동 675,,,354.2,,"조합놀이대, 흔들놀이",,,,1978-05-12,서울특별시 동대문구청,02-2127-4776,2021-06-25
11230-00010,쉼터,어린이공원,서울특별시 동대문구 황물로17길 24,서울특별시 동대문구 답십리동 952-5,37.5648469701,127.0593170789,1695.0,,"조합놀이대, 흔들놀이, 오르기",음수전,,,1978-06-12,서울특별시 동대문구청,02-2127-4776,2021-06-25
11230-00011,장안,근린공원,서울특별시 동대문구 장한로 191,서울특별시 동대문구 장안동 300,37.5771652926,127.0709026361,14744.8,"배드민턴장, 족구장, 게이트볼장, 농구장 반코트","조합놀이대, 그네","화장실, 음수전",독서실,"바닥분수, 계류",1988-10-06,서울특별시 동대문구청,02-2127-4772,2021-06-25
11230-00012,장평,근린공원,서울특별시 동대문구 장안벚꽃로 77,서울특별시 동대문구 장안동 356,37.5674881309,127.0737397772,15698.4,테니스장,,"화장실, 음수전",,벽천,1990-09-06,서울특별시 동대문구청,02-2127-4772,2021-06-25
11230-00013,미나리,어린이공원,서울특별시 동대문구 천호대로87길 43,서울특별시 동대문구 장안동 449,37.5638584042,127.0679937047,1636.3,,"조합놀이대, 그네, 회전놀이, 흔들놀이, 모래놀이터","화장실, 음수전",,,1991-08-30,서울특별시 동대문구청,02-2127-4776,2021-06-25
11230-00014,장미,어린이공원,,서울특별시 동대문구 장안동 386,,,1652.8,,"조합놀이대, 그네, 시소, 흔들놀이, 모래놀이터",,,,1991-08-30,서울특별시 동대문구청,02-2127-4776,2021-06-25
11230-00015,샛별,어린이공원,서울특별시 동대문구 장한로17길 20,서울특별시 동대문구 장안동 379,37.5678485717,127.0674928343,1652.9,,"조합놀이대, 그네, 흔들놀이",,,,1991-08-30,서울특별시 동대문구청,02-2127-4776,2021-06-25
11230-00016,천장,어린이공원,서울특별시 동대문구 천장산로9길 68,서울특별시 동대문구 이문동 264-181,37.5988944435,127.0538436211,1656.0,,,,,,1991-08-30,서울특별시 동대문구청,02-2127-4776,2021-06-25
11230-00017,홍릉,근린공원,서울특별시 동대문구 홍릉로 90,서울특별시 동대문구 청량리동 산 1-145,37.589583793,127.0435376259,102920.0,배드민턴장,"조합놀이대, 모래놀이터","전망데크, 화장실, 음수전",정보화도서관,유아숲체험장,1994-04-26,서울특별시 동대문구청,02-2127-4775,2021-06-25
11230-00018,답십리,근린공원,서울특별시 동대문구 답십리로 209,서울특별시 동대문구 답십리동 산 2-9,37.573320107,127.0638171747,160857.6,"배드민턴장, 지압보도","유아숲체험장, 모래놀이터","화장실, 음수전",,유아숲체험장,1996-06-19,서울특별시 동대문구청,02-2127-4775,2021-06-25
11230-00019,배봉산,근린공원,서울특별시 동대문구 한천로43길 12-14,서울특별시 동대문구 전농동 산 32-20,37.5812122452,127.0675943339,232813.7,"배드민턴장, 지압보도","조합놀이대, 그네, 흔들놀이대, 모래놀이터","화장실, 음수전",야외공연장,"황톳길,무장애길,야생화단지,유아숲체험장",1997-12-24,서울특별시 동대문구청,02-2127-4775,2021-06-25
11230-00020,미리내,어린이공원,,서울특별시 동대문구 장안동 93-29,,,833.0,,"조합놀이대, 그네, 흔들놀이, 모래놀이터",음수전,,,2000-07-31,서울특별시 동대문구청,02-2127-4776,2021-06-25
11230-00021,이슬,어린이공원,,서울특별시 동대문구 장안동 190-62,,,336.0,,"조합놀이대, 흔들놀이, 모래놀이터",음수전,,,2000-07-31,서울특별시 동대문구청,02-2127-4776,2021-06-25
11230-00022,용머리,어린이공원,,서울특별시 동대문구 용두동 696-8,,,738.5,,"조합놀이대, 흔들놀이, 회전놀이",,,,2000-07-31,서울특별시 동대문구청,02-2127-4776,2021-06-25
11230-00023,장일,어린이공원,,서울특별시 동대문구 장안동 164-1,,,992.0,,"조합놀이대, 시소, 그네",,,,2000-07-31,서울특별시 동대문구청,02-2127-4776,2021-06-25
11230-00024,아름,어린이공원,,서울특별시 동대문구 휘경동 43-178,,,1116.0,,조합놀이대,,,,2000-07-31,서울특별시 동대문구청,02-2127-4776,2021-06-25
11230-00026,동산,어린이공원,,서울특별시 동대문구 답십리동 998-1,,,1359.2,,"조합놀이대, 그네, 시소, 흔들놀이",음수전,,,2002-05-11,서울특별시 동대문구청,02-2127-4776,2021-06-25
11230-00027,보림,어린이공원,서울특별시 동대문구 휘경로12길 71,서울특별시 동대문구 휘경동 179-9,37.5922275771,127.0611988169,1592.0,,조합놀이대,,,,2004-06-05,서울특별시 동대문구청,02-2127-4776,2021-06-25
11230-00028,용두희망,어린이공원,,서울특별시 동대문구 용두동 715,,,1422.0,,"조합놀이대, 그네, 회전놀이, 흔들놀이",,,,2004-11-20,서울특별시 동대문구청,02-2127-4776,2021-06-25
11230-00029,방아다리,어린이공원,,서울특별시 동대문구 제기동 132-1,,,1537.0,,"조합놀이대, 그네",,,,2006-02-02,서울특별시 동대문구청,02-2127-4776,2021-06-25
11230-00030,용두,근린공원,,서울특별시 동대문구 용두동 34-1,,,17182.0,,"조합놀이대, 흔들놀이대",음수전,야외공연장,"환경자원센터,바닥분수,계류",2006-11-09,서울특별시 동대문구청,02-2127-4772,2021-06-25
11230-00031,텃골,근린공원,,서울특별시 동대문구 전농동 690-1,,,5408.0,,"조합놀이대, 흔들놀이대",음수전,,계류,2007-04-24,서울특별시 동대문구청,02-2127-4772,2021-06-25
11230-00032,새샘,근린공원,,서울특별시 동대문구 답십리동 1004-7,,,9052.0,,"조합놀이대, 그네, 회전무대",음수전,,"바닥분수, 계류",2007-11-01,서울특별시 동대문구청,02-2127-4772,2021-06-25
11230-00033,장령당,소공원,,서울특별시 동대문구 답십리동 1004-4,,,1424.0,,,음수전,,,2007-11-01,서울특별시 동대문구청,02-2127-4776,2021-06-25
11230-00034,휘봉,어린이공원,,서울특별시 동대문구 휘경동 43-275,,,1398.0,,"조합놀이대, 흔들놀이",,,,2010-05-13,서울특별시 동대문구청,02-2127-4776,2021-06-25
11230-00035,꿈동산,어린이공원,,서울특별시 동대문구 답십리동 1002-1,,,1570.7,,"조합놀이대, 그네, 흔들놀이, 회전놀이",,,,2010-08-12,서울특별시 동대문구청,02-2127-4776,2021-06-25
11230-00036,작은언덕,소공원,,서울특별시 동대문구 회기동 351-6,,,400.0,,,,,,2011-05-30,서울특별시 동대문구청,02-2127-4776,2021-06-25
11230-00037,아름드리,어린이공원,,서울특별시 동대문구 전농동 688-7,,,2626.5,,"조합놀이대, 흔들놀이, 회전놀이, 시소, 모래놀이터",음수전,,,2011-06-15,서울특별시 동대문구청,02-2127-4776,2021-06-25
11230-00038,선농단,역사공원,서울특별시 동대문구 무학로44길 38,서울특별시 동대문구 제기동 274-1,37.5811837728,127.0318885094,3933.0,,,,,,2012-08-23,서울특별시 동대문구청,02-2127-4776,2021-06-25
11230-00039,내길,소공원,,서울특별시 동대문구 휘경동 368-4,,,514.9,,,,,,2012-09-27,서울특별시 동대문구청,02-2127-4776,2021-06-25
11230-00040,진달래,어린이공원,,서울특별시 동대문구 휘경동 49-384,,,2345.0,,"조합놀이대, 그네",,,,2014-12-04,서울특별시 동대문구청,02-2127-4776,2021-06-25
11230-00041,솔바람,소공원,,서울특별시 동대문구 용두동 794-1,,,1763.2,,,,,,2015-04-16,서울특별시 동대문구청,02-2127-4776,2021-06-25
11230-00042,샛말,어린이공원,,서울특별시 동대문구 전농동 695-1,,,2545.0,,"조합놀이대, 그네, 흔들놀이, 모래놀이터",음수전,,,2008-09-11,서울특별시 동대문구청,02-2127-4776,2021-06-25
11230-00043,새움,어린이공원,,서울특별시 동대문구 답십리동 1009-1,,,2107.0,,"조합놀이대, 시소, 그네, 흔들놀이, 모래놀이터",음수전,,,2006-04-06,서울특별시 동대문구청,02-2127-4776,2021-06-25
11230-00044,휘경2구역(명칭제정중),어린이공원,,서울특별시 동대문구 휘경동 372-2,,,3426.3,,"조합놀이대, 시소, 그네, 흔들놀이, 모래놀이터",,,,2006-10-19,서울특별시 동대문구청,02-2127-4776,2021-06-25
11230-00045,장안동연립단지(명칭제정중),소공원,,서울특별시 동대문구 장안동 587-1,,,1403.6,,,,,,2010-07-22,서울특별시 동대문구청,02-2127-4776,2021-06-25
11290-00001,성북,근린공원,,서울특별시 성북구 돈암동 86-4,37.600528,127.023636,69676.5,"배드민턴장1, 체력단련시설9",,"정자3, 장의자43",문화회관1,,1940-03-12,서울특별시 성북구청,02-2241-3668,2021-06-16
11290-00002,오동,근린공원,,서울특별시 성북구 하월곡동 산2-1,37.6108706217,127.0406997992,233989.7,"배드민턴장6, 체력단련시설303",,"정자3, 노인정1, 장의자173",도서관1,,1966-02-05,서울특별시 성북구청,02-2241-3668,2021-06-16
11290-00003,개운산,근린공원,,서울특별시 성북구 돈암동 산3-15 일대,37.59741206,127.0257184,208618.0,체력단련시설6,,"정자4, 야외탁자5, 장의자71",,,1940-03-12,서울특별시 성북구청,02-2241-3668,2021-06-16
11290-00004,청량,근린공원,,서울특별시 성북구 석관동 산1-5,37.604661,127.056385,329290.0,체력단련시설12,,"정자1, 장의자9",,,1940-03-12,서울특별시 성북구청,02-2241-3668,2021-06-16
11290-00005,모랫말,근린공원,,서울특별시 성북구 하월곡동 90-206,37.604825,127.032787,1740.0,체력단련시설7,"그네1, 시소1, 조합놀이대1",장의자14,,,1997-12-03,서울특별시 성북구청,02-2241-3668,2021-06-16
11290-00006,아름드리,근린공원,,서울특별시 성북구 하월곡동 225-2,37.610105,127.0359869,3782.0,,,,,,1999-11-17,서울특별시 성북구청,02-2241-3668,2021-06-16
11290-00007,숭인,근린공원,,서울특별시 성북구 보문동 6가 458-4,37.58287149,127.0178925,5332.6,,,,,,1977-07-09,서울특별시 성북구청,02-2241-3668,2021-06-16
11290-00008,삼선,어린이공원,,서울특별시 성북구 삼선동1가 303,37.5832358514,127.0103900048,10957.0,"배드민턴장1, 체력단련시설30","그네2, 모래밭1, 시소1, 정글집1, 조합놀이대1","정자3, 야외탁자3, 장의자41",,,1978-05-30,서울특별시 성북구청,02-2241-3668,2021-06-16
11290-00009,범바위,어린이공원,,서울특별시 성북구 안암동2가 140-3,37.585257,127.021534,1514.0,체력단련시설10,"그네1, 시소1, 조합놀이대1","정자1, 장의자4",,,1940-03-12,서울특별시 성북구청,02-2241-3668,2021-06-16
11290-00010,꿈나라,어린이공원,,서울특별시 성북구 보문동7가 108-2,37.580024,127.023018,1564.0,체력단련시설6,"그네1, 시소1, 조합놀이대1","정자1, 장의자7",,,1940-03-12,서울특별시 성북구청,02-2241-3668,2021-06-16
11290-00011,배밭골,어린이공원,서울특별시 성북구 정릉로10길 46,,37.60812583,126.9986863,263.0,체력단련시설3,"그네1, 시소1, 조합놀이대1",장의자4,,,1983-12-23,서울특별시 성북구청,02-2241-3668,2021-06-16
11290-00012,동산,어린이공원,,서울특별시 성북구 하월곡동 96-165,37.606265,127.034528,417.0,,"그네1, 모래밭1, 시소1, 조합놀이대1",장의자10,,,1983-12-23,서울특별시 성북구청,02-2241-3668,2021-06-16
11290-00013,밤골,어린이공원,,서울특별시 성북구 하월곡동 산2-140,37.607541,127.039921,600.0,체력단련시설3,"모래밭1, 시소1, 조합놀이대1",장의자4,,,1984-02-21,서울특별시 성북구청,02-2241-3668,2021-06-16
11290-00014,햇살,어린이공원,,서울특별시 성북구 상월곡동 97-37,37.605878,127.048602,300.0,체력단련시설3,"모래밭1, 조합놀이대1",장의자8,,,1983-12-23,서울특별시 성북구청,02-2241-3668,2021-06-16
11290-00015,향기,어린이공원,,서울특별시 성북구 상월곡동 산1-1,37.60920187,127.045461,1000.0,,"그네1, 모래밭1, 조합놀이대1",장의자3,,,1983-12-23,서울특별시 성북구청,02-2241-3668,2021-06-16
11290-00016,동방,어린이공원,,서울특별시 성북구 장위1동 219-223,37.616598,127.043486,982.0,체력단련시설4,조합놀이대1,장의자7,,,1967-07-30,서울특별시 성북구청,02-2241-3668,2021-06-16
11290-00017,샛별,어린이공원,,서울특별시 성북구 석관동 168-86,37.614016,127.064186,1638.0,체력단련시설7,"그네1, 모래밭1, 시소1, 조합놀이대1",장의자8,,,1983-12-23,서울특별시 성북구청,02-2241-3668,2021-06-16
11290-00018,돌뫼,어린이공원,,서울특별시 성북구 석관동 산1-77,37.605054,127.052698,350.0,체력단련시설7,조합놀이대1,"정자1, 장의자6",,,1983-12-23,서울특별시 성북구청,02-2241-3668,2021-06-16
11290-00019,새소리,어린이공원,,서울특별시 성북구 돈암1동 626-2,37.600751,127.025382,1371.0,체력단련시설1,"그네1, 조합놀이대1",장의자3,,,1976-12-30,서울특별시 성북구청,02-2241-3668,2021-06-16
11290-00020,종암,어린이공원,,서울특별시 성북구 종암동 104-6,37.600081,127.037198,1514.0,,"그네1, 모래밭1, 조합놀이대1","정자1, 장의자7",,,1991-02-11,서울특별시 성북구청,02-2241-3668,2021-06-16
11290-00021,솔향기,어린이공원,,서울특별시 성북구 길음1동 1190,37.608108,127.021295,4031.0,체력단련시설4,"그네1, 모래밭1, 조합놀이대1","정자1, 장의자8",,,2003-12-05,서울특별시 성북구청,02-2241-3668,2021-06-16
11290-00022,해맑은,어린이공원,,서울특별시 성북구 길음1동 591-17,37.608493,127.020925,2089.0,체력단련시설1,,장의자2,,,2003-12-05,서울특별시 성북구청,02-2241-3668,2021-06-16
11290-00023,한울,어린이공원,,서울특별시 성북구 정릉2동 169-6,37.605709,127.013686,2675.0,체력단련시설8,"그네1, 모래밭1, 조합놀이대1","정자1, 장의자4",,,2003-12-05,서울특별시 성북구청,02-2241-3668,2021-06-16
11290-00024,솔숲,어린이공원,,서울특별시 성북구 정릉1동 170-10,37.604746,127.014971,2922.0,체력단련시설5,"그네1, 모래밭1, 조합놀이대1","정자1, 장의자4",,,2005-07-29,서울특별시 성북구청,02-2241-3668,2021-06-16
11290-00025,동망봉,어린이공원,,서울특별시 성북구 보문동3가 229-1,37.5838591,127.017073,6730.0,체력단련시설3,조합놀이대1,"정자3, 장의자4",,,2007-10-04,서울특별시 성북구청,02-2241-3668,2021-06-16
11290-00026,맑은숲,어린이공원,,서울특별시 성북구 장위동 317-1,37.62144056,127.0463288,1601.0,,"그네1, 조합놀이대1",장의자4,,,2005-07-29,서울특별시 성북구청,02-2241-3668,2021-06-16
11290-00027,화랑,어린이공원,,서울특별시 성북구 석관동 407-6,37.608453,127.054559,2213.0,체력단련시설4,"그네1, 모래밭1, 조합놀이대1",장의자12,,,2004-11-17,서울특별시 성북구청,02-2241-3668,2021-06-16
11290-00028,매화,어린이공원,서울특별시 성북구 북악산로15길 42,,37.60011962,127.0207412,1595.0,체력단련시설4,조합놀이대1,장의자6,,,2004-11-17,서울특별시 성북구청,02-2241-3668,2021-06-16
11290-00029,고암,어린이공원,,서울특별시 성북구 종암동 133-5,37.599243,127.031027,1449.0,체력단련시설3,조합놀이대1,장의자6,,,2005-06-02,서울특별시 성북구청,02-2241-3668,2021-06-16
11290-00030,옛시장,어린이공원,,서울특별시 성북구 종암동 135-4,37.602273,127.033882,958.0,체력단련시설5,,장의자4,,,2005-09-08,서울특별시 성북구청,02-2241-3668,2021-06-16
11290-00031,늘푸른,어린이공원,,서울특별시 성북구 길음1동 1284-14,37.607521,127.018009,1580.0,체력단련시설3,,"정자1, 장의자4",,,2005-05-12,서울특별시 성북구청,02-2241-3668,2021-06-16
11290-00032,아름,어린이공원,,서울특별시 성북구 길음1동 1284-1,37.607521,127.018009,2167.0,체력단련시설2,"모래밭1, 조합놀이대1","정자1, 장의자2",,,2005-05-12,서울특별시 성북구청,02-2241-3668,2021-06-16
11290-00033,벌집,어린이공원,,서울특별시 성북구 종암동 134-3,37.599625,127.038799,1788.0,체력단련시설5,"그네1, 모래밭1, 조합놀이대1","정자2, 장의자2",,,2003-03-08,서울특별시 성북구청,02-2241-3668,2021-06-16
11290-00034,일신,어린이공원,,서울특별시 성북구 종암동 134-8,37.599625,127.038799,950.0,체력단련시설5,"그네1, 모래밭1, 조합놀이대1","정자2, 장의자1",,,2003-03-08,서울특별시 성북구청,02-2241-3668,2021-06-16
11290-00035,길음골,소공원,,서울특별시 성북구 길음1동 1285-9,37.609589,127.018679,1244.0,체력단련시설2,,"정자1, 장의자9",,,2005-05-12,서울특별시 성북구청,02-2241-3668,2021-06-16
11290-00036,길섶,소공원,,서울특별시 성북구 길음1동 1285-10,37.609589,127.018679,383.0,,,,,,2005-05-12,서울특별시 성북구청,02-2241-3668,2021-06-16
11290-00037,잔월,소공원,,서울특별시 성북구 하월곡동 230-1,37.604178,127.041001,481.0,체력단련시설2,,,,,2007-06-21,서울특별시 성북구청,02-2241-3668,2021-06-16
11290-00038,행복한,소공원,,서울특별시 성북구 길음1동 1284-13,37.607521,127.018009,1173.0,,,"정자1, 장의자2",,,2005-05-12,서울특별시 성북구청,02-2241-3668,2021-06-16
11290-00039,두레,소공원,,서울특별시 성북구 길음1동 1284-8,37.607521,127.018009,287.0,,,"정자1, 장의자2",,,2005-05-12,서울특별시 성북구청,02-2241-3668,2021-06-16
11290-00040,돌마루,소공원,,서울특별시 성북구 삼선동3가 116-1,37.5880187,127.012142,877.0,,,"정자1, 장의자6",,,2006-05-18,서울특별시 성북구청,02-2241-3668,2021-06-16
11290-00041,되너미,소공원,,서울특별시 성북구 돈암동 644-1,37.586644,127.012756,1069.0,,,장의자5,,,2007-06-07,서울특별시 성북구청,02-2241-3668,2021-06-16
11290-00042,꿈빛,소공원,,서울특별시 성북구 정릉동 1039,37.586644,127.012756,719.0,체력단련시설4,,"정자1, 장의자3",,,2007-05-17,서울특별시 성북구청,02-2241-3668,2021-06-16
11290-00043,길음2구역,근린공원,,"서울특별시 성북구 길음동 1284, 일대",37.60504961,127.022011,5207.4,,,장의자10,도서관1,,2009-01-02,서울특별시 성북구청,02-2241-3668,2021-06-16
11290-00044,정릉동,근린공원,,서울특별시 성북구 정릉동 1021-2,37.61846189,127.0045308,5779.1,,,,,,2019-10-21,서울특별시 성북구청,02-2241-3668,2021-06-16
11290-00045,자주바위,어린이공원,,서울특별시 성북구 보문동6가 458-3,37.58287149,127.0178925,1519.3,,"조합놀이대1, 시소1, 기타3",앉음벽2,,,2006-10-09,서울특별시 성북구청,02-2241-3668,2021-06-16
11290-00046,맑은소리,소공원,,"서울특별시 성북구 길음동 499, 일대",37.6108385,127.0245875,2549.1,,,"파고라1, 장의자6",,,2009-01-02,서울특별시 성북구청,02-2241-3668,2021-06-16
11290-00047,별빛누리,소공원,,서울특별시 성북구 정릉동 1053-2,37.612095,126.985863,949.0,체력단련시설4,,"파고라1, 장의자7",,,2006-10-19,서울특별시 성북구청,02-2241-3668,2021-06-16
11290-00048,돌이음,소공원,,서울특별시 성북구 석관동 410-3,37.6093012,127.052577,1103.4,,,"파고라3, 장의자3, 흔들그네2",,,2007-08-09,서울특별시 성북구청,02-2241-3668,2021-06-16
11290-00049,도란도란,소공원,,서울특별시 성북구 석관동 410-4,37.6093807,127.026312,426.0,,,"파고라3, 장의자2, 흔들그네2",,,2007-08-09,서울특별시 성북구청,02-2241-3668,2021-06-16
11290-00050,상길례,문화공원,,서울특별시 성북구 장위동 289-29,37.6196908,127.0431887,4090.2,체력단련시설4,,장의자10,,,2008-04-03,서울특별시 성북구청,02-2241-3668,2021-06-16
11290-00051,북악산,근린공원,,서울특별시 성북동 산 25-52일대,37.5931371,126.9871874,87616.5,체력단력기구35,,,,,2020-06-29,서울특별시 성북구청,02-2241-3668,2021-06-16
11290-00052,북한산,근린공원,,서울특별시 정릉동 산12-1,37.62301953,127.0060971,93472.9,,,"장의자1,정자43",,,2020-06-29,서울특별시 성북구청,02-2241-3668,2021-06-16
11290-00053,삼청,근린공원,,서울특별시 성북동 산25-52,37.5931371,126.9871874,73.6,,,,,,2020-06-29,서울특별시 성북구청,02-2241-3668,2021-06-16
11380-00001,새록어린이공원,어린이공원,,서울특별시 은평구 녹번 158-1,37.625092,126.926178,956.0,"트윈트위스트 1,스트레칭로라 1,워밍맘 1,철봉1, 평행봉1","조합놀이대1,그네 1,시소2","원형시계1, 화장실1, 사무실1",,,,서울특별시 은평구시설관리공단,02-350-5248,2021-05-01
11380-00002,응암어린이공원,어린이공원,,서울특별시 은평구 응암 85-41,37.615323,126.919745,992.1,"트윈위밍암 1, 파도타기1,크로스컨트리 1,허리돌리기 2,스트레칭로라 1,거꾸리머신 1",조합놀이대1유아용조합놀이대1,화장실1,,,,서울특별시 은평구시설관리공단,02-350-5248,2021-05-01
11380-00003,신록어린이공원,어린이공원,,서울특별시 은평구 녹번 20-6,37.614689,126.915685,469.0,"온몸당겨올리기 1,온몸밀어올리기 1,무릎펴서 걷기 1,어깨손목돌리기 1,허리돌리기 1, 허리흔들기1 ,레그프레스 1, 체어웨이트1",조합놀이대1,,,,,서울특별시 은평구시설관리공단,02-350-5248,2021-05-01
11380-00004,참다래어린이공원,어린이공원,,서울특별시 은평구 응암 120-22,37.617265,126.913295,954.4,"크로스컨트리1 허리돌리기1 스트레칭로라 1,스윙워커미신,온몸역기올리기 1,옆파도타기 1","조합놀이대1,그네1,시소1,흔들놀이5,모래놀이시설",음수대1 화장실1,,,,서울특별시 은평구시설관리공단,02-350-5248,2021-05-01
11380-00005,포수동어린이공원,어린이공원,,서울특별시 은평구 응암 115-25,37.625135,126.918535,987.8,"어깨손목돌리기1,무릎펴서걷기1,온몸비틀기1","조합놀이대1,그네1,모래놀이시설",화장실1 음수대1,,,,서울특별시 은평구시설관리공단,02-350-5248,2021-05-01
11380-00006,시루메어린이공원,어린이공원,,서울특별시 은평구 증산 185-1,37.603973,126.923728,999.6,철봉1,"조합놀이대1,유아용조합놀이대1,그네 1,흔들놀이2",화장실1,,,,서울특별시 은평구시설관리공단,02-350-5248,2021-05-01
11380-00007,연서어린이공원,어린이공원,,서울특별시 은평구 역촌 32-36,37.605114,126.938126,956.0,"온몸허리돌리기2,거꾸리머신1,온몸근육풀기1,온몸지압기1,하늘걷기1,옆파도타기1","조합놀이대1,그네 1,시소2,흔들놀이 2",화장실1,,,,서울특별시 은평구시설관리공단,02-350-5248,2021-05-01
11380-00008,역마을어린이공원,어린이공원,,서울특별시 은평구 역촌 39-2,37.601679,126.923517,949.1,"온몸허리돌리기,옆파도타기1,온몸역기올리기,온몸근육풀기1,하늘걷기,마라톤운동1","조합놀이대1,그네1,모래놀이시설","화장실1 화장실1,관리실1",,,,서울특별시 은평구시설관리공단,02-350-5248,2021-05-01
11380-00009,역말어린이공원,어린이공원,,서울특별시 은평구 역촌 47-1,37.598043,126.919446,966.3,"트윈스텝싸이클1,트윈체어풀1,트윈크로스컨트리1,철봉1,파도타기1, 공중걷기1","조합놀이대1,그네1,유아조합놀이대1,흔들놀이대2,모래놀이시설","화장실1, 음수대1",,,,서울특별시 은평구시설관리공단,02-350-5248,2021-05-01
11380-00010,인조유기비어린이공원,어린이공원,,서울특별시 은평구 역촌 8-11,37.595367,126.917374,1256.9,"롤링웨이스트 1,크로스컨트리 1",조합놀이대 1,,,,,서울특별시 은평구시설관리공단,02-350-5248,2021-05-01
11380-00011,대조어린이공원,어린이공원,,서울특별시 은평구 대조 212,37.601073,126.918478,4176.9,"옆파도타기 1,온몸근육풀기 1,온몸역기올리기 1,마라톤운동 1,온몸지압기 1,온몸허리돌리기 1,하늘걷기 1,거꾸리머신 1, 바디싣업 1","조합놀이대1,유아용조합놀이대1,흔들놀이2,기타2,건너는기구1,모래놀이시설","공중전화2,시계탑1,화장실1,음수대2",,,,서울특별시 은평구시설관리공단,02-350-5248,2021-05-01
11380-00012,길마어린이공원,어린이공원,,서울특별시 은평구 갈현 474-1,37.606876,126.914238,1596.7,"파도타기 1(2020.),입식헬스싸이클 1,상체근육풀기 1,역기올리기 1,전신하늘걷기 1,트위스트머신 1,달리기운동 1","조합놀이대1,유아용조합놀이대1,그네1, 시소2,흔들놀이 2,날으는흔들놀이 2","파고라3,등의자8,연식의자2",,,,서울특별시 은평구시설관리공단,02-350-5248,2021-05-01
11380-00013,궁말어린이공원,어린이공원,,서울특별시 은평구 갈현 327-21,37.608641,126.916513,1190.0,"파도타기1,허리돌리기1,무릎펴서걷기1","조합놀이대1,요술 거울5,흔들놀이2,모래놀이시설","안내판3,공원등3,CCTV2,음수대1",,,,서울특별시 은평구시설관리공단,02-350-5248,2021-05-01
11380-00014,박석어린이공원,어린이공원,,서울특별시 은평구 갈현 416-3,37.616846,126.908951,856.9,"파도타기 1,공중걷기 1,좌식자전거운동 1,철봉 1","조합놀이대1,그네1,흔들놀이3","화장실1,음수대1",,,,서울특별시 은평구시설관리공단,02-350-5248,2021-05-01
11380-00015,좌월어린이공원,어린이공원,,서울특별시 은평구 갈현 513-1,37.598914,126.911312,1398.3,"허리돌리기 2, 철봉 1,윗몸일으키기 1,온몸역기올리기 1,온몸근육풀기 1,거꾸리머신 1,러닝싸이클 1,옆회전운동 1,공중걷기 1,싸이클링트레이너 1","조합놀이대1,유아용조합놀이대1,그네 1, 흔들놀이 1,흔들말 2",화장실1 (25㎡),,,,서울특별시 은평구시설관리공단,02-350-5248,2021-05-01
11380-00016,갈곡리어린이공원,어린이공원,,서울특별시 은평구 갈현 436-51,37.595946,126.911954,1738.7,"워밍암 1,크로스컨트리 1,체어웨이트 1,파도타기 1","조합놀이대2,시소 1,그네 1,흔들놀이2",음수대1,,,,서울특별시 은평구시설관리공단,02-350-5248,2021-05-01
11380-00017,새락골어린이공원,어린이공원,,서울특별시 은평구 신사 5-21,37.582994,126.906559,994.0,"하늘걷기1,옆파도타기1,멀티즘1","조합놀이대1, 그네1,시소2,흔들놀이2",화장실1(49.35㎡) 음수대1,,,,서울특별시 은평구시설관리공단,02-350-5248,2021-05-01
11380-00018,호연어린이공원,어린이공원,,서울특별시 은평구 녹번 95-44,37.604098,126.916651,528.0,,"싱글워밍맘1,트윈트위스트머신1",안내판1 공원등3 CCTV1,,,,서울특별시 은평구시설관리공단,02-350-5248,2021-05-01
11380-00019,분토골어린이공원,어린이공원,,서울특별시 은평구 증산 163-34,37.621482,126.915707,996.0,"허리흔들기1,허리돌리기1,하늘걷기1","조합놀이대1,그네1,흔들놀이2,모래놀이시설",화장실1 (19.8㎡),,,,서울특별시 은평구시설관리공단,02-350-5248,2021-05-01
11380-00020,서갈현어린이공원,어린이공원,,서울특별시 은평구 갈현 434-38,37.583268,126.916127,1532.2,"파도타기 1,공중걷기 1,달리기운동 1","조합놀이대1,그네1,흔들말3,모래놀이시설",화장실1(42.6㎡) 음수대1,,,,서울특별시 은평구시설관리공단,02-350-5248,2021-05-01
11380-00021,새장골어린이공원,어린이공원,,서울특별시 은평구 불광 444-1,37.611011,126.908075,992.0,"어께손목돌리기1,무릎펴서걷기1,허리돌리기1","조합놀이대1,그네1,모래놀이시설",화장실1(25㎡) 음수대1,,,,서울특별시 은평구시설관리공단,02-350-5248,2021-05-01
11380-00022,시내어린이공원,어린이공원,,서울특별시 은평구 불광 444-15,37.607188,126.907777,659.0,,"조합놀이대1,그네1,흔들놀이2",음수대1,,,,서울특별시 은평구시설관리공단,02-350-5248,2021-05-01
11380-00023,관동어린이공원,어린이공원,,서울특별시 은평구 불광 270-11,37.623992,126.916508,331.0,"헨들웨이트1,롤링웨이스트1,멀티즘1",조합놀이대1,음수대1,,,,서울특별시 은평구시설관리공단,02-350-5248,2021-05-01
11380-00024,가람어린이공원,어린이공원,,서울특별시 은평구 불광 448-51,37.586711,126.911699,249.0,,"조합놀이대1,그네1",,,,,서울특별시 은평구시설관리공단,02-350-5248,2021-05-01
11380-00025,신흥어린이공원,어린이공원,,서울특별시 은평구 신사 31-2,37.60631,126.9342,937.9,"달리기운동1,파도타기1,공중걷기1","조합놀이대1,시소2, 그네1,모래놀이시설","화장실1,음수대1",,,,서울특별시 은평구시설관리공단,02-350-5248,2021-05-01
11380-00026,아까시아어린이공원,어린이공원,,서울특별시 은평구 신사 200-27,37.591312,126.928971,982.0,"롤링웨이스트 1,트리플트위스트 1,워밍암 1",,,,,,서울특별시 은평구시설관리공단,02-350-5248,2021-05-01
11380-00027,개나리어린이공원,어린이공원,,서울특별시 은평구 신사 237-177,37.590721,126.905813,2896.0,"제자리높이뛰기1,무릎펴서걷기1,허리돌리기2, 허리흔들기2",조합놀이대1,,,,,서울특별시 은평구시설관리공단,02-350-5248,2021-05-01
11380-00028,응암4동어린이공원,어린이공원,,서울특별시 은평구 응암 742-9,37.605483,126.930922,1526.0,"크로스컨트리1, 워밍암1,스트레칭로라1, 멀티즘1,롤링웨이트1, 풀웨이트1,오버턴스트레칭1,허리돌리기1",조합놀이대1,음수대1,,,,서울특별시 은평구시설관리공단,02-350-5248,2021-05-01
11380-00029,불광어린이공원,어린이공원,,서울특별시 은평구 불광 236-5,37.603157,126.929288,496.0,"트리플트위스트1,롤링웨이스트 1","조합놀이대1,그네1",음수대1,,,,서울특별시 은평구시설관리공단,02-350-5248,2021-05-01
11380-00030,응암9어린이공원,어린이공원,,서울특별시 은평구 응암동 761-9,37.603459,126.932237,2244.3,"양팔줄운동1,파도타기1,마라톤운동1,온몸허리돌리기1","조합놀이대1,경사놀이대1, 그네1, 시소1, 미끄럼틀1,흔들놀이1, 유아놀이대1,모래놀이시설","음수대1,벽천1",,,,서울특별시 은평구시설관리공단,02-350-5248,2021-05-01
11380-00031,다래어린이공원,어린이공원,,서울특별시 은평구 응암동751-22,37.59242,126.910584,584.9,"크로스컨트리1, 워밍암1,체어웨이트1, 풀웨이트1,,트윈트위스트1, 롤링웨이스트1,스트레칭로라1,레그스트레치 1","조합놀이대1,그네1,유아용조합놀이대1,흔들놀이 2",아리수음수대1,,,,서울특별시 은평구시설관리공단,02-350-5248,2021-05-01
11380-00032,연신어린이공원,어린이공원,,서울특별시 은평구 불광 339,37.600268,126.906472,1236.0,"온몸허리돌리기2,거꾸리머신1,온몸근육풀기1,온몸지압기1,하늘걷기1,옆파도타기1","조합놀이대1,그네 1,시소2,흔들놀이 2",화장실1,,,,서울특별시 은평구시설관리공단,02-350-5248,2021-05-01
11380-00033,양천리누리터 어린이공원,어린이공원,,서울특별시 은평구 녹번동 281-4,37.640075,126.932882,5153.3,"트윈트위스트1, 체어웨이트1,롤링웨이스트1","조합놀이대1,유아조합놀이대2,4인시소2, 흔들놀이대4,그네1, 건너는기구1,,스피드레이서1","화장실1,음수대1,바닥분수 1",,,,서울특별시 은평구시설관리공단,02-350-5248,2021-05-01
11380-00034,응암3재건축구역내 어린이공원,어린이공원,,서울특별시 은평구 응암동 240-7,37.5930200359,126.9221859255,1602.0,"사이클1,트위스트1,레그프레스1,크로스컨트리1,로잉머신1","조합놀이대1,그네1,흔들놀이3",음수대 1,,,,서울특별시 은평구시설관리공단,02-350-5248,2021-05-01
11380-00035,응암10재개발구역내 어린이공원,어린이공원,,서울특별시 은평구 응암동 767-1,37.618784,126.930834,4144.8,"어깨손목돌리기1,옆파도타기1,구름다리걷기2,다리뻗히기2,배드민턴장1","조합놀이대1,그네2,시소1, 흔들놀이대2,,모래놀이시설 1","음수대 1,바닥분수 1",,,,서울특별시 은평구시설관리공단,02-350-5248,2021-05-01
11380-00036,응암1구역어린이공원,어린이공원,,서울특별시 은평구 응암동764-2,37.629366,126.927014,3090.1,"역기내리기1, 달리기운동1,노젓기1, 하늘걷기1,허리돌리기1, 평행봉1,오금펴기1,상체돌리기1","그네 1,미끄럼틀 1,흔들놀이기구 2,등반오르기 1,조합놀이대 1 모래놀이터 1,시소1","음수대 1,벽천분수 1",,,,서울특별시 은평구시설관리공단,02-350-5248,2021-05-01
11380-00037,북한산,근린공원,,서울특별시 은평구 불광동 산42-5,37.605799,126.940903,60789.0,,,,,,,서울시특별시 은평구청 공원녹지과,02-351-8003,2021-05-01
11380-00038,봉산,근린공원,,서울특별시 은평구 구산동 산136-5,37.585195,126.891941,173394.2,,,,,,,서울시특별시 은평구청 공원녹지과,02-351-8003,2021-05-01
11380-00039,서오능,근린공원,,서울특별시 은평구 진관동 산63-4,37.6384025764,126.9138098934,58509.5,,,,,,,서울시특별시 은평구청 공원녹지과,02-351-8003,2021-05-01
11380-00040,불  광,근린공원,,서울특별시 은평구 불광동 산33-1,37.614968,126.910327,118314.2,,,,,,,서울시특별시 은평구청 공원녹지과,02-351-8005,2021-05-01
11380-00041,백  련,근린공원,,서울특별시 은평구응암동 산1-27,37.60836,126.919486,205090.9,,,,,,,서울시특별시 은평구청 공원녹지과,02-351-8004,2021-05-01
11380-00042,진  관,근린공원,,서울특별시 은평구 진관동 산95 일대,37.61634,126.931455,585480.1,,,,,,,서울시특별시 은평구청 공원녹지과,02-351-8005,2021-05-01
11380-00043,향   림,근린공원,,서울특별시 은평구진관동 산52,37.6293321935,126.9273553535,202993.0,,,,,,,서울시특별시 은평구청 공원녹지과,02-351-8016,2021-05-01
11380-00044,신  사,근린공원,,서울특별시 은평구 신사동 산80-64일대,37.604686,126.915235,71848.1,,,,,,,서울시특별시 은평구청 공원녹지과,02-351-8004,2021-05-01
11380-00045,물 푸 레,근린공원,,서울특별시 은평구 진관동 산100-44,37.6378399622,126.9165116853,147441.6,,,,,,,서울시특별시 은평구청 공원녹지과,02-351-8008,2021-05-01
11380-00046,기 자 촌,근린공원,,서울특별시 은평구 진관동 106-17,37.621404,126.928596,128953.7,,,,,,,서울시특별시 은평구청 공원녹지과,02-351-8016,2021-05-01
11380-00047,녹번서,근린공원,,서울특별시 은평구 녹번동 85-1,37.614034,126.920502,29945.0,,,,,,,서울시특별시 은평구청 공원녹지과,02-351-8008,2021-05-01
11380-00048,녹번동,근린공원,,서울특별시 은평구 녹번동 산27,37.6032511658,126.9322993236,25854.7,,,,,,,서울시특별시 은평구청 공원녹지과,02-351-8008,2021-05-01
11380-00049,거 북 골,근린공원,,서울특별시 은평구구산동 산37-4,37.599915,126.925992,43812.6,,,,,,,서울시특별시 은평구청 공원녹지과,02-351-8008,2021-05-01
11380-00050,구  산,근린공원,,서울특별시 은평구구산동 산48-7,37.587111,126.919033,12445.7,,,,,,,서울시특별시 은평구청 공원녹지과,02-351-8008,2021-05-01
11380-00051,상림,근린공원,,서울특별시 은평구진관동 5-3,37.614762,126.907901,4749.8,,,,,,,서울시특별시 은평구청 공원녹지과,02-351-8008,2021-05-01
11380-00052,못자리골,근린공원,,"서울특별시 은평구진관동13-2, 12-1",37.586731,126.923094,16176.1,,,,,,,서울시특별시 은평구청 공원녹지과,02-351-8008,2021-05-01
11380-00053,덕수천,근린공원,,서울특별시 은평구진관동 14-3,37.609251,126.90656,5569.1,,,,,,,서울시특별시 은평구청 공원녹지과,02-351-8008,2021-05-01
11380-00054,마고정,근린공원,,서울특별시 은평구진관동 101-2,37.611787,126.909981,4551.6,,,,,,,서울시특별시 은평구청 공원녹지과,02-351-8008,2021-05-01
11380-00055,우물골,근린공원,,"서울특별시 은평구진관동 85-1,2,3",37.6351344788,126.9253781615,7203.1,,,,,,,서울시특별시 은평구청 공원녹지과,02-351-8008,2021-05-01
11380-00056,신도,근린공원,,서울특별시 은평구진관동 206-21,37.594288,126.919595,12020.0,,,,,,,서울시특별시 은평구청 공원녹지과,02-351-8008,2021-05-01
11380-00057,마실길,근린공원,,서울특별시 은평구진관동 125-22,37.6411847166,126.942867269,45170.5,,,,,,,서울시특별시 은평구청 공원녹지과,02-351-8008,2021-05-01
11380-00058,역촌동소공원,소공원,,"서울특별시 은평구 역촌동85-34,36",37.611442,126.910162,318.0,,,,,,,서울시특별시 은평구청 공원녹지과,02-351-8008,2021-05-01
11380-00059,거북이소공원,소공원,,서울특별시 은평구 구산동 309-38,37.614886,126.907774,250.0,,,,,,,서울시특별시 은평구청 공원녹지과,02-351-8008,2021-05-01
11380-00060,요  산소공원,소공원,,서울특별시 은평구 불광동 13-33외 3,37.591827,126.918252,805.0,,,,,,,서울시특별시 은평구청 공원녹지과,02-351-8008,2021-05-01
11380-00061,응암9구역소공원,소공원,,서울특별시 은평구 응암동 761-7,37.609041,126.929362,880.8,,,,,,,서울시특별시 은평구청 공원녹지과,02-351-8008,2021-05-01
11380-00062,불광3구역소공원,소공원,,서울특별시 은평구 불광동641-1일대,37.648497,126.929826,7274.1,,,,,,,서울시특별시 은평구청 공원녹지과,02-351-8008,2021-05-01
11380-00063,불광6구역소공원,소공원,,서울특별시 은평구 불광동 638-3 일대,37.648497,126.929826,1919.0,,,,,,,서울시특별시 은평구청 공원녹지과,02-351-8008,2021-05-01
11380-00064,불광7구역소공원,소공원,,서울특별시 은평구 불광동 643-3,37.646145,126.927556,3120.0,,,,,,,서울시특별시 은평구청 공원녹지과,02-351-8008,2021-05-01
11380-00065,응암3주택 재개발구역내소공원,소공원,,서울특별시 은평구 응암동 762-4,37.633198,126.919096,1641.6,,,,,,,서울시특별시 은평구청 공원녹지과,02-351-8008,2021-05-01
11380-00066,폭포동소공원,소공원,,서울특별시 은평구 진관동 158-14일원,37.637075,126.916493,1087.8,,,,,,,서울시특별시 은평구청 공원녹지과,02-351-8008,2021-05-01
11380-00067,잿말소공원,소공원,,서울특별시 은평구 진관동 195-16,37.634196,126.925428,245.1,,,"석지 2, 의자석 2, 괴석 3",,,,서울시특별시 은평구청 공원녹지과,02-351-8008,2021-05-01
11380-00068,한옥마을소공원,소공원,,서울특별시 은평구 진관동 211-34,37.632016,126.93076,58.7,,,"의자석2, 경관석1",,,,서울시특별시 은평구청 공원녹지과,02-351-8008,2021-05-01
11380-00069,신사동(새절)소공원,소공원,,서울특별시 은평구 신사동372-1,37.635399,126.934794,782.6,,,,,,,서울시특별시 은평구청 공원녹지과,02-351-8008,2021-05-01
11380-00070,녹번1-2지구 주택재개발정비구역내소공원,소공원,,서울특별시 은평구 녹번동 283-7,37.632016,126.93076,5804.2,,,,,,,서울시특별시 은평구청 공원녹지과,02-351-8008,2021-05-01
11380-00071,금암문화공원 (은평뉴타운제1호문화공원),주제공원,,서울특별시 은평구 진관동 53-5,37.624806,126.92741,6857.1,운동시설8,,,,,,서울시특별시 은평구청 공원녹지과,02-351-8008,2021-05-01
11380-00072,제각말문화공원 (은평뉴타운제2호 문화공원),주제공원,,서울특별시 은평구 진관동 135-26,37.626369,126.925398,55721.8,,,,,,,서울시특별시 은평구청 공원녹지과,02-351-8008,2021-05-01
11380-00073,불광위령탑마을마당,기타공원,,서울특별시 은평구 불광1 247-4,37.61362,126.929777,940.0,,,,,,,서울특별시 은평구시설관리공단,02-350-5248,2021-05-01
11380-00074,구산마을마당,기타공원,,서울특별시 은평구 구산 산173-23,37.595561,126.904347,387.0,"온몸근육풀기1,궁중걷기1,허리돌리기1",장기판1,,,,,서울특별시 은평구시설관리공단,02-350-5248,2021-05-01
11380-00075,신사마을마당,기타공원,,서울특별시 은평구 불광1 247,37.594385,126.908643,203.0,"하늘걷기1,마라톤운동1,온몸근육풀기1","조합놀이대1,흔들놀이2",,,,,서울특별시 은평구시설관리공단,02-350-5248,2021-05-01
11380-00076,대조마을마당,기타공원,,서울특별시 은평구 대조 48-42,37.641342,126.942228,183.5,"온몸역기올리기1,온몸근육풀기1",,,,,,서울특별시 은평구시설관리공단,02-350-5248,2021-05-01
11380-00077,자투리(녹번)마을마당,기타공원,,서울특별시 은평구 녹번 103-23,37.599552,126.915551,165.0,"로라마사지기머신1,오버헤드폴리머신1",,,,,,서울특별시 은평구시설관리공단,02-350-5248,2021-05-01
11380-00078,자투리(신사)마을마당,기타공원,,서울특별시 은평구 신사2 300-153,37.618267,126.932812,236.0,허리돌리기2,,,,,,서울특별시 은평구시설관리공단,02-350-5248,2021-05-01
11380-00079,불광동마을마당,기타공원,,서울특별시 은평구 불광 331-106,37.618267,126.932812,324.0,"온몸돌리기1,온몸밀어올리기1",,,,,,서울특별시 은평구시설관리공단,02-350-5248,2021-05-01
11380-00080,역촌동마을마당,기타공원,,서울특별시 은평구 역촌 2-108,37.619234,126.936128,230.1,"온몸근육풀기1,온몸역기올리기1,옆파도타기1",,,,,,서울특별시 은평구시설관리공단,02-350-5248,2021-05-01
11380-00081,갈현동마을마당,기타공원,,서울특별시 은평구 갈현 526-6,37.619234,126.936128,249.9,"하늘걷기1,온몸허리돌리기1",,,,,,서울특별시 은평구시설관리공단,02-350-5248,2021-05-01
11380-00082,신사2동마을마당,기타공원,,서울특별시 은평구 신사 200-170,37.61227,126.939287,175.0,"허리돌리기2,공중걷기1,상체근육풀기1",,,,,,서울특별시 은평구시설관리공단,02-350-5248,2021-05-01
11380-00083,역촌2동마을마당,기타공원,,서울특별시 은평구 역촌2 62-21,37.616903,126.928972,395.7,,"유아용조합놀이대1,네트놀이대1, 석탑2,돌기둥3, 모래놀이터1","지압발판1,꽃담,음수대1",,,,서울특별시 은평구시설관리공단,02-350-5248,2021-05-01
11380-00084,응암1동마을마당,기타공원,,서울특별시 은평구 응암 97-17,37.630017,126.930244,635.3,"크로스컨트리1,롤링웨이스트1,온몸근육풀기1,허리돌리기2","모래놀이터1,조합놀이대1",,,,,서울특별시 은평구시설관리공단,02-350-5248,2021-05-01
11380-00085,불광3동마을숲마을마당,기타공원,,서울특별시 은평구 불광3 480-181,37.587015,126.923141,807.0,"스텝싸이클1,크로스컨트리1,트윈바디실업1,체어웨이트1,온몸역기올리기1","사면슬라이드놀이대1,모래놀이터1",,,,,서울특별시 은평구시설관리공단,02-350-5248,2021-05-01
11380-00086,대조동청사옆마을마당,기타공원,,서울특별시 은평구 대조 214-8,37.644332,126.918009,130.3,"스윙워커머신1,트위스트머1,서핑롤링머신1",,음수대1,,,,서울특별시 은평구시설관리공단,02-350-5248,2021-05-01
11380-00087,연천초교앞마을마당,기타공원,,서울특별시 은평구 불광2 137-5,37.605192,126.923387,347.0,"트윈트위스트1,스트레칭로라1","모래놀이집1,모래놀이터1",,,,,서울특별시 은평구시설관리공단,02-350-5248,2021-05-01
11380-00088,구산동마을공원,기타공원,,서울특별시 은평구 구산동 340-1,37.601518,126.929762,2811.0,"파도타기1,온몸역기올리기1,온몸허리돌리기1,온몸근육풀기1,옆파도타기1,온몸지압기1,다리뻗히기1,마라톤운동1,온몸허리돌리기1","조합놀이대1, 모래놀이터1,파이프놀이대4","바닥분수1, 음수대1,화장실1, 공중전화1",,,,서울특별시 은평구시설관리공단,02-350-5248,2021-05-01
11380-00089,도원극장옆마을마당,기타공원,,서울특별시 은평구 녹번동 74-5,37.605848,126.926897,48.8,,,,,,,서울특별시 은평구시설관리공단,02-350-5248,2021-05-01
11380-00090,응암3동마을마당,기타공원,,서울특별시 은평구 응암3동 337-52,37.605954,126.927616,518.0,"온몸허리돌리기1,다리뻗히기1,온몸근육풀기1,하늘걷기1",,,,,,서울특별시 은평구시설관리공단,02-350-5248,2021-05-01
11380-00091,구현초교 앞마을마당,기타공원,,서울특별시 은평구 구산동 산41-19,37.616116,126.930421,541.0,"온몸지압기1,온몸근육풀기1,온몸역기올리기1",,,,,,서울특별시 은평구시설관리공단,02-350-5248,2021-05-01
11380-00092,녹번동마을마당,기타공원,,서울특별시 은평구 녹번동 104-7,37.608536,126.907223,754.0,"온몸허리돌리기1,옆파도타기1,하늘걷기1,온몸근육풀기1","조합놀이대1,흔들놀이2",,,,,서울특별시 은평구시설관리공단,02-350-5248,2021-05-01
11380-00093,연신초교옆마을마당,기타공원,,서울특별시 은평구 불광3동 69,37.610501,126.918888,711.0,"온몸지압기1,온몸허리돌리기1,온몸근육풀기1,하늘걷기1,온몸역기올리기1",유아용조합놀이대1 그네1,음수대1,,,,서울특별시 은평구시설관리공단,02-350-5248,2021-05-01
11380-00094,구산동청사앞소공원,기타공원,,서울특별시 은평구 구산동 27-7,37.599395,126.932051,335.9,"온몸허리돌리기1,온몸근육풀기1,온몸허리돌리기1,온몸근육풀기1, 하늘걷기1",,,,,,서울특별시 은평구시설관리공단,02-350-5248,2021-05-01
11380-00095,구산동마을공원확대,기타공원,,서울특별시 은평구 구산동 345-6,37.61512,126.90778,157.0,,,,,,,서울특별시 은평구시설관리공단,02-350-5248,2021-05-01
11380-00096,구산초교앞마을마당,기타공원,,서울특별시 은평구 구산동 153-2,37.595602,126.919066,135.0,,,담쟁이담장,,,,서울특별시 은평구시설관리공단,02-350-5248,2021-05-01
11380-00097,팜스퀘어 소공원,기타공원,,서울특별시 은평구 대조동 240-3,37.597018,126.906734,268.8,"온몸지압기1,온몸허리돌리기1,파도타기1, 하체근육풀기1",,,,,,서울특별시 은평구시설관리공단,02-350-5248,2021-05-01
11380-00098,신사2동 공공공지,기타공원,,서울특별시 은평구 신사2동 163-51,37.593894,126.908112,1848.0,"허리돌리기1, 오금펴기1,상체근육풀기1,하체근육풀기1,양팔로프당기기1,등,허리지압기1,",,,,,,서울특별시 은평구시설관리공단,02-350-5248,2021-05-01
11380-00099,오손길마을마당,기타공원,,서울특별시 은평구 응암동 365-30,37.591562,126.902567,139.0,"하늘걷기1,옆회전운동1,원그리기운동1",,,,,,서울특별시 은평구시설관리공단,02-350-5248,2021-05-01
11380-00100,평화공원,기타공원,,서울특별시 은평구 녹번동 153-1,37.6051488334,126.9230105,5700.1,"공중걷기, 마라톤달리기 등",,"분수1, 조각상2, 동상1, 기념비1, 관리초소2, 음수대1, 지하주차장1",,,,서울시특별시 은평구청 공원녹지과,02-351-8014,2021-05-01
11380-00101,물빛공원,기타공원,,서울특별시 은평구 갈현동 397,37.6189620031,126.9211621249,2051.0,,,,,,,서울시특별시 은평구청 공원녹지과,02-351-8014,2021-05-01
11110-00030,창신공원,어린이공원,,서울특별시 종로구 창신동 23-362,37.578276,127.012931,710.0,,"시소,조합놀이",,,,2013-10-10,서울특별시 종로구청,02-2148-2845,2021-07-09
11110-00032,무악공원,어린이공원,,서울특별시 종로구 무악동 산2-83,37.577525,126.960547,5136.0,,,음수대,,,2015-09-13,서울특별시 종로구청,02-2148-2845,2021-07-09
11110-00033,창덕공원,근린공원,서울특별시 종로구 율곡로 99 (와룡동),서울특별시 종로구 와룡동 2-71,37.578868,126.989712,491328.0,,,음수대,,,1962-12-20,"서울특별시 종로구청, 문화재청",02-2148-2842,2021-07-09
11110-00034,청진공원,근린공원,,서울특별시 종로구 청진동 146-3,37.571415,126.979819,2802.0,,,,,,1977-06-29,서울특별시 종로구청,02-2148-2842,2021-07-09
11110-00029,낙산공원,어린이공원,서울특별시 종로구 창신길 210-11 (창신동),서울특별시 종로구 창신동 611-19,37.579546,127.010184,660.0,,"시소,조합놀이",,,,2013-10-10,서울특별시 종로구청,02-2148-2845,2021-07-09
11110-00001,참샘골공원,어린이공원,,서울특별시 종로구 평창동 470,37.614801,126.974498,2737.0,,"그네,조합놀이",음수대,,,1971-06-28,서울특별시 종로구청,02-2148-2845,2021-07-09
11110-00002,감나무골공원,어린이공원,,서울특별시 종로구 평창동 495-4,37.612876,126.970377,2403.0,,"그네,미끄럼틀",음수대,,,1971-06-28,서울특별시 종로구청,02-2148-2845,2021-07-09
11110-00003,옥인공원,어린이공원,,서울특별시 종로구 옥인동 187-2,37.582545,126.962407,472.1,,,,,,1974-03-23,서울특별시 종로구청,02-2148-2845,2021-07-09
11110-00004,명륜공원,어린이공원,서울특별시 종로구 혜화로9길 24-9 (명륜1가),서울특별시 종로구 명륜1가 23-9,37.588055,126.998279,1149.5,,"모래밭,조합놀이",음수대,,,1980-03-23,서울특별시 종로구청,02-2148-2845,2021-07-09
11110-00005,새마을공원,어린이공원,서울특별시 종로구 평창길 14-9 (평창동),서울특별시 종로구 평창동 327-1,37.606448,126.964642,397.0,,"그네,조합놀이",,,,1983-12-23,서울특별시 종로구청,02-2148-2845,2021-07-09
11110-00006,인왕공원,어린이공원,,서울특별시 종로구 무악동 55-1,37.577468,126.956975,1745.8,,,,,,1983-12-23,서울특별시 종로구청,02-2148-2845,2021-07-09
11110-00007,원서공원,근린공원,서울특별시 종로구 창덕궁길 19 (원서동),서울특별시 종로구 원서동 181,37.578234,126.988566,10004.6,,,음수대,,,1985-01-18,서울특별시 종로구청,02-2148-2842,2021-07-09
11110-00008,탑골공원,근린공원,서울특별시 종로구 종로 99 (종로2가),서울특별시 종로구 종로2가 38-1,37.570612,126.9880601,14808.7,,,"화장실,공중전화,음수대","동상,탑기념비",,1996-12-16,서울특별시 종로구청,02-2148-2842,2021-07-09
11110-00009,연지1공원,어린이공원,,서울특별시 종로구 연지동 136-92,37.574379,127.001063,474.2,,"그네,모래밭,조합놀이",음수대,,,1998-10-09,서울특별시 종로구청,02-2148-2845,2021-07-09
11110-00010,연지공원,근린공원,,서울특별시 종로구 연지동 1-38,37.575758,127.000795,2827.6,,,,,,1999-11-13,서울특별시 종로구청,02-2148-2845,2021-07-09
11110-00011,내수어울공원,근린공원,,서울특별시 종로구 내수동 71-2,37.573911,126.970542,2392.1,체력단련시설,,음수대,,,2000-03-09,서울특별시 종로구청,02-2148-2845,2021-07-09
11110-00012,내수공원,근린공원,,서울특별시 종로구 내수동 73-3,37.572497,126.971637,2192.2,체력단련시설,,음수대,,,2000-03-09,서울특별시 종로구청,02-2148-2845,2021-07-09
11110-00013,사직공원,근린공원,서울특별시 종로구 사직로9길 7 (사직동),서울특별시 종로구 사직동 1-28,37.57628582,126.9682319,168099.8,"궁도장,배드민턴장,체력단련시설",,"매점,화장실,공중전화,음수대,샘터","도서관,동상,탑기념비",,2006-07-06,서울특별시 종로구청,02-2148-2835,2021-07-09
11110-00014,월암공원,근린공원,,서울특별시 종로구 송월동 1-2,37.571311,126.965634,10662.0,체력단련시설,,,야외음악당,,2006-08-31,서울특별시 종로구청,02-2148-2843,2021-07-09
11110-00015,경학공원,어린이공원,서울특별시 종로구 성균관로5길 25-13 (명륜3가),서울특별시 종로구 명륜3가 53-2,37.584487,126.996902,3269.0,,,,,,2009-01-22,서울특별시 종로구청,02-2148-2845,2021-07-09
11110-00016,후창공원,소공원,,서울특별시 종로구 평창동 568-2,37.610258,126.964365,1920.0,,,,,,2009-05-28,서울특별시 종로구청,02-2148-2845,2021-07-09
11110-00017,서린공원,소공원,서울특별시 종로구 종로 30-1 (서린동),서울특별시 종로구 서린동 82,37.569989,126.980784,1398.0,,,,,,2009-05-28,서울특별시 종로구청,02-2148-2845,2021-07-09
11110-00018,덕수공원,소공원,,서울특별시 종로구 신문로1가 174-7,37.569254,126.974735,869.2,,,,,,2009-05-28,서울특별시 종로구청,02-2148-2845,2021-07-09
11110-00019,경희궁공원,역사공원,서울특별시 종로구 새문안로 55 (신문로2가),서울특별시 종로구 신문로2가 2-1,37.57049685,126.9710752,100930.0,체력단련시설,,"자판기,음수대",,,2009-05-28,서울특별시 종로구청,02-2148-2843,2021-07-09
11110-00020,동묘공원,역사공원,서울특별시 종로구 난계로27길 84 (숭인동),서울특별시 종로구 숭인동 238-1,37.573162,127.018284,8450.0,,,"화장실,공중전화,음수대",탑기념비,,2009-05-28,서울특별시 종로구청,02-2148-2843,2021-07-09
11110-00021,마로니에공원,문화공원,서울특별시 종로구 대학로 104 (동숭동),서울특별시 종로구 동숭동 1-124,37.580336,127.002513,5802.0,,,,,,2009-05-28,서울특별시 종로구청,02-2148-2842,2021-07-09
11110-00022,삼청공원,근린공원,서울특별시 종로구 북촌로 134-1 (삼청동),서울특별시 종로구 삼청동 산2-1,37.58769948,126.983451,468348.2,"테니스장,농구장,배드민턴장,체력단련시설",,"화장실,샘터","동상,탑기념비",,2020-06-29,서울특별시 종로구청,02-2148-2843,2021-07-09
11110-00023,와룡공원,근린공원,서울특별시 종로구 와룡공원길 192 (명륜3가),서울특별시 종로구 명륜3가 53-52,37.591168,126.990122,204369.0,"테니스장,배드민턴장,체력단련시설",,"화장실,음수대",,,2010-01-21,서울특별시 종로구청,02-2148-2843,2021-07-09
11110-00024,숭인공원,근린공원,서울특별시 종로구 동망산길 150 (숭인동),서울특별시 종로구 숭인동 58,37.57756126,127.0181626,45615.0,"농구장,배드민턴장,체력단련시설",,"화장실,음수대",,,2010-04-22,서울특별시 종로구청,02-2148-2843,2021-07-09
11110-00025,평창공원,소공원,,서울특별시 종로구 평창동 108-3,37.610096,126.977439,1117.6,,,,,,2010-05-13,서울특별시 종로구청,02-2148-2845,2021-07-09
11110-00026,흥인지문공원,근린공원,,서울특별시 종로구 종로6가 70,37.572637,127.008919,11519.7,,,,,,2010-09-09,서울특별시 종로구청,02-2148-2842,2021-07-09
11110-00027,수송공원,근린공원,,서울특별시 종로구 수송동 80-7,37.573998,126.981143,3567.2,,,,"동상,탑기념비",,2010-12-30,서울특별시 종로구청,02-2148-2845,2021-07-09
11110-00028,지봉골공원,어린이공원,서울특별시 종로구 지봉로13길 14 (창신동),서울특별시 종로구 창신동 산6-25,37.578947,127.014468,2508.0,,조합놀이,,,,2013-10-10,서울특별시 종로구청,02-2148-2845,2021-07-09
11110-00031,인왕산공원,근린공원,,서울특별시 종로구 옥인동 179-1,37.583336,126.963713,201704.0,"배드민턴장, 체력단련시설","미끄럼틀, 조합놀이대","화장실, 음수대",도서관,,2020-06-29,서울특별시 종로구청,02-2148-2835,2021-07-09
11110-00035,북한산공원,근린공원,서울특별시 종로구 북악산로 267,서울특별시 종로구 평창동 산6-17,37.601976,126.980549,19902.4,,,"화장실, 편의점",,팔각정,2020-06-29,서울특별시 종로구청,02-2148-2832,2021-07-09
11110-00036,달바위공원,소공원,,서울특별시 종로구 송월동 145-2,37.570172,126.965838,3317.8,,,,,,2006-04-13,서울특별시 종로구청,02-2148-2845,2021-07-09
11110-00037,솔빛공원,소공원,,서울특별시 종로구 송월동 145-3,37.569973,126.965774,1793.3,,,,,,2016-09-08,서울특별시 종로구청,02-2148-2845,2021-07-09
11110-00038,소담공원,소공원,,서울특별시 종로구 행촌동 211-4,37.572146,126.961564,491.4,,,,,,2017-03-30,서울특별시 종로구청,02-2148-2845,2021-07-09
11110-00039,부암튼튼공원,소공원,,서울특별시 종로구 부암동 262-1,37.592305,126.964166,1258.0,족구장,"미끄럼틀, 암벽오르기",,,,2011-06-09,서울특별시 종로구청,02-2148-2832,2021-07-09
11110-00040,의주공원,소공원,,서울특별시 종로구 무악동 46-71,37.573679,126.960267,364.0,,,,,,2006-03-23,서울특별시 종로구청,02-2148-2845,2021-07-09
11110-00041,도렴공원,역사공원,,서울특별시 종로구 신문로1가 240-2,37.570953,126.973709,832.8,,,,,,2017-05-04,서울특별시 종로구청,02-2148-2845,2021-07-09
11110-00042,공평공원,역사공원,,서울특별시 종로구 인사동 275,,,219.9,,,,,,2020-07-02,서울특별시 종로구청,02-2148-2845,2021-07-09
